id,site_id,jurisdiction,pathway,reference,lodged,decided,outcome,decision_maker,capacity_mw_in_app,conditions_summary,appeal_status,notes,fact_status,source_id,confidence,as_of_date
1,SITE_MAMRE_ROAD,"NSW Department of Planning, Housing and Infrastructure",state_significant_development,SSD-92743706,2025-12,,additional_info_requested,"NSW DPHI (consent authority), NSW EPA (advisory)",1000.0,"Department directed assessment of cumulative impacts in the Mamre Road / Kemps Creek precinct; NSW EPA requested further information on air quality, noise, greenhouse gas emissions and waste storage.",,EIS finalised February 2026 by Willowtree Planning. NSW EPA advice dated 10 April 2026 states the EIS 'does not provide the information required to allow us to complete our assessment'.,VERIFIED,SRC_NSWPORTAL,high,2026-08-25
2,SITE_NEXTDC_S7,"NSW Department of Planning, Housing and Infrastructure",state_significant_development,,2026-04,,under_assessment,,612.0,Subject to the post-late-2025 NSW requirements for a fixed PUE limit (cap of 1.3) and disclosed water use; one of six projects assessed against the new state-based rules.,,,REPORTED,SRC_REUTERS_S7,high,2026-07-23
3,SITE_CDC_MARSDEN,"NSW Department of Planning, Housing and Infrastructure",state_significant_development,,,2025-11,approved,,504.0,,,"Reported NSW planning approval November 2025, following an October 2024 ground-breaking.",REPORTED,SRC_CERTSTRAT,medium,2026-09-18
4,SITE_NEXTDC_M4,Victorian Government (planning scheme amendment / ministerial approval),fast_track_scheme,,,2026-01,approved,,162.0,,,Described as Victorian Government development approval; consistent with Victoria's fast-track process reported to reduce approvals to about three months.,REPORTED,SRC_CERTSTRAT,medium,2026-09-18
5,SITE_CLOUDCARRIER_SH,NSW DPHI (Request for SEARs) / Wingecarribee Shire Council,state_significant_development,,2025-09,,under_assessment,,700.0,,,Request for SEARs September 2025 for the campus and the 673 MW gas power station. A separate 14 MW gas unit already holds council planning permission.,REPORTED,SRC_GREENPEACE_SUB,medium,2026-09-18
6,SITE_WESTERN_DOWNS,Western Downs Regional Council,local_council,,,,under_assessment,,2160.0,,,Queensland sits outside the scope of the NSW fast-track framework and dissented (with the NT) from the July 2026 ECMC agreement on mandatory renewable offsetting.,REPORTED,SRC_ABC_WD,medium,2026-09-14
7,SITE_MSFT_KEMPS,"NSW Department of Planning, Housing and Infrastructure",state_significant_development,SSD-10101987,,2023-07-13,approved_with_conditions,Director (NSW DPHI),,"Condition A11 required a Staging Plan, which Willowtree Planning submitted on behalf of Microsoft Datacentre (Australia) Pty Ltd in October 2023. 27 approved management plans and strategies, 4 reports and 1 notification are published against the consent.",,"Consent scope: two data storage buildings, 61 generators, substation, high voltage switch yard, 30 diesel storage tanks, office, internal access roads and landscaping. One submission on the public record (Penrith City Council, comment). No enforcements recorded.",VERIFIED,SRC_NSWPORTAL_KC,high,2026-09-18
8,SITE_GLENDENNING,"NSW Department of Planning, Housing and Infrastructure",state_significant_development,SSD-73761707,,2026-09-16,approved,Director (NSW DPHI),202.4,Determination published 16 September 2026; no post-approval documents published yet. Assessment occurred after the NSW Data Centre Guidelines took effect on 17 August 2026.,,"Two submissions on the record: Endeavour Energy (comment, with standard DA conditions and advice library attached) and Blacktown City Council (OBJECT). The approval proceeded despite the council objection. 40 EIS documents, 31 responses to submissions and 25 agency advices are published against the application, making this one of the best-documented data centre assessments in the state.",VERIFIED,SRC_NSWPORTAL_GLEN,high,2026-09-18
9,SITE_PROJECT_DUKE,"NSW Department of Planning, Housing and Infrastructure",state_significant_development,SSD-71368959,,2025-12-22,approved,Director,,,,"Portal stage at harvest: Determination. Development type Data Storage, industry classification Water and Telecommunications. 202 documents attached to the project record.",VERIFIED,SRC_NSWPORTAL_REGISTER,high,2026-09-18
10,SITE_51_HUNTINGWOOD,"NSW Department of Planning, Housing and Infrastructure",state_significant_development,SSD-41589232,,2023-09-15,approved,Director,,,,"Portal stage at harvest: Determination. Development type Data Storage, industry classification Water and Telecommunications. 140 documents attached to the project record.",VERIFIED,SRC_NSWPORTAL_REGISTER,high,2026-09-18
11,SITE_AUGUSTA_ST,"NSW Department of Planning, Housing and Infrastructure",state_significant_development,SSD-10469,,,withdrawn,,,,,"Portal stage at harvest: Withdrawn. Development type Telecommunication Facilities, industry classification Water and Telecommunications. 81 documents attached to the project record.",VERIFIED,SRC_NSWPORTAL_REGISTER,high,2026-09-18
12,SITE_EC_EXPANSION,"NSW Department of Planning, Housing and Infrastructure",state_significant_development,SSD-21342738,,2023-09-01,approved,Director,,,,"Portal stage at harvest: Determination. Development type Warehouse or distribution centres, industry classification Transport & Logistics. 97 documents attached to the project record.",VERIFIED,SRC_NSWPORTAL_REGISTER,high,2026-09-18
13,SITE_GLENDENNING,"NSW Department of Planning, Housing and Infrastructure",state_significant_development,SSD-73761707,,2026-09-16,approved,Director,202.4,,,"Portal stage at harvest: Determination. Development type Data Storage, industry classification Water and Telecommunications. 177 documents attached to the project record.",VERIFIED,SRC_NSWPORTAL_REGISTER,high,2026-09-18
14,SITE_MSFT_HONEMAN,"NSW Department of Planning, Housing and Infrastructure",state_significant_development,SSD-58601963,,,under_assessment,,96.0,,,"Portal stage at harvest: Assessment. Development type Data Storage, industry classification Water and Telecommunications. 160 documents attached to the project record.",VERIFIED,SRC_NSWPORTAL_REGISTER,high,2026-09-18
15,SITE_CDC_MARSDEN,"NSW Department of Planning, Housing and Infrastructure",state_significant_development,SSD-70889211,,2025-11-27,approved,Director,720.0,,,"Portal stage at harvest: Determination. Development type Data Storage, industry classification Water and Telecommunications. 307 documents attached to the project record.",VERIFIED,SRC_NSWPORTAL_REGISTER,high,2026-09-18
16,SITE_NEXTDC_S7,"NSW Department of Planning, Housing and Infrastructure",state_significant_development,SSD-113934740,,,under_assessment,,612.0,,,"Portal stage at harvest: Prepare EIS. Development type Data Storage, industry classification Water and Telecommunications. 78 documents attached to the project record.",VERIFIED,SRC_NSWPORTAL_REGISTER,high,2026-09-18
17,SITE_GOODMAN_ATLAS,"NSW Department of Planning, Housing and Infrastructure",state_significant_development,SSD-101067971,,,under_assessment,,,,,"Portal stage at harvest: Response to Submissions. Development type Data Storage, industry classification Water and Telecommunications. 125 documents attached to the project record.",VERIFIED,SRC_NSWPORTAL_REGISTER,high,2026-09-18
18,SITE_ECHIDNA,"NSW Department of Planning, Housing and Infrastructure",state_significant_development,SSD-47320208,,2024-04-05,approved,Executive Director,35.0,,,"Portal stage at harvest: Determination. Development type Data Storage, industry classification Water and Telecommunications. 114 documents attached to the project record.",VERIFIED,SRC_NSWPORTAL_REGISTER,high,2026-09-18
19,SITE_ROBERTS_RD,"NSW Department of Planning, Housing and Infrastructure",state_significant_development,SSD-10330,,2020-07-14,approved,Executive Director,,,,"Portal stage at harvest: Determination. Development type Warehouse or distribution centres, industry classification Transport & Logistics. 123 documents attached to the project record.",VERIFIED,SRC_NSWPORTAL_REGISTER,high,2026-09-18
20,SITE_STATION_RD,"NSW Department of Planning, Housing and Infrastructure",state_significant_development,SSD-33781208,,2022-12-16,approved,Director,,,,"Portal stage at harvest: Determination. Development type Data Storage, industry classification Water and Telecommunications. 120 documents attached to the project record.",VERIFIED,SRC_NSWPORTAL_REGISTER,high,2026-09-18
21,SITE_43_61_TURNER,"NSW Department of Planning, Housing and Infrastructure",state_significant_development,SSD-68013714,,2025-11-21,approved,Director,,,,"Portal stage at harvest: Determination. Development type Data Storage, industry classification Water and Telecommunications. 94 documents attached to the project record.",VERIFIED,SRC_NSWPORTAL_REGISTER,high,2026-09-18
22,SITE_TURNER_RD,"NSW Department of Planning, Housing and Infrastructure",state_significant_development,SSD-60185233,,,withdrawn,,40.0,,,"Portal stage at harvest: Withdrawn. Development type Data Storage, industry classification Water and Telecommunications. 5 documents attached to the project record.",VERIFIED,SRC_NSWPORTAL_REGISTER,high,2026-09-18
23,SITE_KURRI_KURRI,"NSW Department of Planning, Housing and Infrastructure",state_significant_development,SSD-128819490,,,under_assessment,,,,,"Portal stage at harvest: Prepare EIS. Development type Data Storage, industry classification Water and Telecommunications. 83 documents attached to the project record.",VERIFIED,SRC_NSWPORTAL_REGISTER,high,2026-09-18
24,SITE_GRAND_AVE,"NSW Department of Planning, Housing and Infrastructure",state_significant_development,SSD-53338465,,2024-12-16,approved,Director,,,,"Portal stage at harvest: Determination. Development type Data Storage, industry classification Water and Telecommunications. 147 documents attached to the project record.",VERIFIED,SRC_NSWPORTAL_REGISTER,high,2026-09-18
25,SITE_KHARTOUM,"NSW Department of Planning, Housing and Infrastructure",state_significant_development,SSD-63235720,,2026-03-11,approved,Director,35.0,,,"Portal stage at harvest: Determination. Development type Data Storage, industry classification Water and Telecommunications. 142 documents attached to the project record.",VERIFIED,SRC_NSWPORTAL_REGISTER,high,2026-09-18
26,SITE_23_25_WATERLOO,"NSW Department of Planning, Housing and Infrastructure",state_significant_development,SSD-91297457,,,under_assessment,,70.0,,,"Portal stage at harvest: Prepare EIS. Development type Data Storage, industry classification Water and Telecommunications. 111 documents attached to the project record.",VERIFIED,SRC_NSWPORTAL_REGISTER,high,2026-09-18
27,SITE_JULIUS_AVE,"NSW Department of Planning, Housing and Infrastructure",state_significant_development,SSD-80018208,,,under_assessment,,,,,"Portal stage at harvest: Assessment. Development type Data Storage, industry classification Water and Telecommunications. 212 documents attached to the project record.",VERIFIED,SRC_NSWPORTAL_REGISTER,high,2026-09-18
28,SITE_MACQUARIE_PARK_DC,"NSW Department of Planning, Housing and Infrastructure",state_significant_development,SSD-10467,,2021-05-28,approved,Director,,,,"Portal stage at harvest: Determination. Development type Warehouse or distribution centres, industry classification Transport & Logistics. 95 documents attached to the project record.",VERIFIED,SRC_NSWPORTAL_REGISTER,high,2026-09-18
29,SITE_NEXTDC_S5,"NSW Department of Planning, Housing and Infrastructure",state_significant_development,SSD-63168959,,,under_assessment,,,,,"Portal stage at harvest: Assessment. Development type Data Storage, industry classification Water and Telecommunications. 253 documents attached to the project record.",VERIFIED,SRC_NSWPORTAL_REGISTER,high,2026-09-18
30,SITE_PROJECT_APOLLO,"NSW Department of Planning, Housing and Infrastructure",state_significant_development,SSD-74069708,,2026-09-02,approved,Director,,,,"Portal stage at harvest: Determination. Development type Data Storage, industry classification Water and Telecommunications. 155 documents attached to the project record.",VERIFIED,SRC_NSWPORTAL_REGISTER,high,2026-09-18
31,SITE_ROAD_1,"NSW Department of Planning, Housing and Infrastructure",state_significant_development,SSD-80814238,,,under_assessment,,34.3,,,"Portal stage at harvest: Assessment. Development type Data Storage, industry classification Water and Telecommunications. 99 documents attached to the project record.",VERIFIED,SRC_NSWPORTAL_REGISTER,high,2026-09-18
32,SITE_TALAVERA,"NSW Department of Planning, Housing and Infrastructure",state_significant_development,SSD-24299707,,2024-01-19,approved,IPC-N,,,,"Portal stage at harvest: Determination. Development type Data Storage, industry classification Water and Telecommunications. 130 documents attached to the project record.",VERIFIED,SRC_NSWPORTAL_REGISTER,high,2026-09-18
33,SITE_WATERLOO_ESR,"NSW Department of Planning, Housing and Infrastructure",state_significant_development,SSD-59516710,,,under_assessment,,,,,"Portal stage at harvest: not recorded. Development type Data Storage, industry classification Water and Telecommunications. 50 documents attached to the project record.",VERIFIED,SRC_NSWPORTAL_REGISTER,high,2026-09-18
34,SITE_ORIORDAN,"NSW Department of Planning, Housing and Infrastructure",state_significant_development,SSD-77274467,,,under_assessment,,38.0,,,"Portal stage at harvest: Prepare EIS. Development type Data Storage, industry classification Water and Telecommunications. 5 documents attached to the project record.",VERIFIED,SRC_NSWPORTAL_REGISTER,high,2026-09-18
35,SITE_DIGICO_SYD1,"NSW Department of Planning, Housing and Infrastructure",state_significant_development,SSD-69637456,,2025-12-23,approved,Executive Director,,,,"Portal stage at harvest: Determination. Development type Data Storage, industry classification Water and Telecommunications. 184 documents attached to the project record.",VERIFIED,SRC_NSWPORTAL_REGISTER,high,2026-09-18
36,SITE_PROJECT_PLUTO,"NSW Department of Planning, Housing and Infrastructure",state_significant_development,SSD-69223466,,2026-07-23,approved,Director,126.0,,,"Portal stage at harvest: Determination. Development type Data Storage, industry classification Water and Telecommunications. 158 documents attached to the project record.",VERIFIED,SRC_NSWPORTAL_REGISTER,high,2026-09-18
37,SITE_DAVIS_RD_CUNDALL,"NSW Department of Planning, Housing and Infrastructure",state_significant_development,SSD-59416728,,2024-12-20,approved,Director,180.0,,,"Portal stage at harvest: Determination. Development type Data Storage, industry classification Water and Telecommunications. 118 documents attached to the project record.",VERIFIED,SRC_NSWPORTAL_REGISTER,high,2026-09-18
38,SITE_NEXTDC_S4,"NSW Department of Planning, Housing and Infrastructure",state_significant_development,SSD-63741210,,2025-12-24,approved,Executive Director,,,,"Portal stage at harvest: Determination. Development type Data Storage, industry classification Water and Telecommunications. 260 documents attached to the project record.",VERIFIED,SRC_NSWPORTAL_REGISTER,high,2026-09-18
39,SITE_NEXTDC_S4_P2,"NSW Department of Planning, Housing and Infrastructure",state_significant_development,SSD-108864209,,,under_assessment,,134.4,,,"Portal stage at harvest: Prepare EIS. Development type Data Storage, industry classification Water and Telecommunications. 120 documents attached to the project record.",VERIFIED,SRC_NSWPORTAL_REGISTER,high,2026-09-18
40,SITE_APOLLO_PLACE,"NSW Department of Planning, Housing and Infrastructure",state_significant_development,SSD-67407231,,2025-10-09,approved,Director,,,,"Portal stage at harvest: Determination. Development type Data Storage, industry classification Water and Telecommunications. 212 documents attached to the project record.",VERIFIED,SRC_NSWPORTAL_REGISTER,high,2026-09-18
41,SITE_LANE_COVE_WEST,"NSW Department of Planning, Housing and Infrastructure",state_significant_development,SSD-9741,,2019-11-15,approved,Executive Director,,,,"Portal stage at harvest: Determination. Development type Warehouse or distribution centres, industry classification Transport & Logistics. 144 documents attached to the project record.",VERIFIED,SRC_NSWPORTAL_REGISTER,high,2026-09-18
42,SITE_LANE_COVE_MARS,"NSW Department of Planning, Housing and Infrastructure",state_significant_development,SSD-108835458,,,under_assessment,,,,,"Portal stage at harvest: Prepare EIS. Development type Data Storage, industry classification Water and Telecommunications. 59 documents attached to the project record.",VERIFIED,SRC_NSWPORTAL_REGISTER,high,2026-09-18
43,SITE_MOWBRAY_RD,"NSW Department of Planning, Housing and Infrastructure",state_significant_development,SSD-13475973,,,withdrawn,,,,,"Portal stage at harvest: Withdrawn. Development type Warehouse or distribution centres, industry classification Transport & Logistics. 68 documents attached to the project record.",VERIFIED,SRC_NSWPORTAL_REGISTER,high,2026-09-18
44,SITE_PROJECT_MARS,"NSW Department of Planning, Housing and Infrastructure",state_significant_development,SSD-82052708,,,under_assessment,,,,,"Portal stage at harvest: Response to Submissions. Development type Data Storage, industry classification Water and Telecommunications. 84 documents attached to the project record.",VERIFIED,SRC_NSWPORTAL_REGISTER,high,2026-09-18
45,SITE_ALDINGTON,"NSW Department of Planning, Housing and Infrastructure",state_significant_development,SSD-112059740,,,under_assessment,,,,,"Portal stage at harvest: Prepare EIS. Development type Data Storage, industry classification Water and Telecommunications. 67 documents attached to the project record.",VERIFIED,SRC_NSWPORTAL_REGISTER,high,2026-09-18
46,SITE_KC1,"NSW Department of Planning, Housing and Infrastructure",state_significant_development,SSD-133677993,,,under_assessment,,144.0,,,"Portal stage at harvest: Prepare EIS. Development type Data Storage, industry classification Water and Telecommunications. 32 documents attached to the project record.",VERIFIED,SRC_NSWPORTAL_REGISTER,high,2026-09-18
47,SITE_MSFT_KEMPS,"NSW Department of Planning, Housing and Infrastructure",state_significant_development,SSD-10101987,,2023-07-13,approved,Director,,,,"Portal stage at harvest: Determination. Development type Warehouse or distribution centres, industry classification Transport & Logistics. 119 documents attached to the project record.",VERIFIED,SRC_NSWPORTAL_REGISTER,high,2026-09-18
48,SITE_MAMRE_ROAD,"NSW Department of Planning, Housing and Infrastructure",state_significant_development,SSD-92743706,,,under_assessment,,,,,"Portal stage at harvest: Response to Submissions. Development type Data Storage, industry classification Water and Telecommunications. 321 documents attached to the project record.",VERIFIED,SRC_NSWPORTAL_REGISTER,high,2026-09-18
49,SITE_STACK_SYD01,"NSW Department of Planning, Housing and Infrastructure",state_significant_development,SSD-82211208,,,under_assessment,,450.0,,,"Portal stage at harvest: Assessment. Development type Data Storage, industry classification Water and Telecommunications. 209 documents attached to the project record.",VERIFIED,SRC_NSWPORTAL_REGISTER,high,2026-09-18
50,SITE_DCI_POPLARS,"NSW Department of Planning, Housing and Infrastructure",state_significant_development,SSD-64287712,,2025-11-06,approved,Director,,,,"Portal stage at harvest: Determination. Development type Warehouse or distribution centres, industry classification Transport & Logistics. 76 documents attached to the project record.",VERIFIED,SRC_NSWPORTAL_REGISTER,high,2026-09-18
51,SITE_BROOKHOLLOW,"NSW Department of Planning, Housing and Infrastructure",state_significant_development,SSD-81928961,,,under_assessment,,,,,"Portal stage at harvest: Response to Submissions. Development type Data Storage, industry classification Water and Telecommunications. 73 documents attached to the project record.",VERIFIED,SRC_NSWPORTAL_REGISTER,high,2026-09-18
52,SITE_FREDERICK_ST,"NSW Department of Planning, Housing and Infrastructure",state_significant_development,SSD-139545990,,,under_assessment,,81.0,,,"Portal stage at harvest: Prepare EIS. Development type Data Storage, industry classification Water and Telecommunications. 21 documents attached to the project record.",VERIFIED,SRC_NSWPORTAL_REGISTER,high,2026-09-18
53,SITE_LANCELEY,"NSW Department of Planning, Housing and Infrastructure",state_significant_development,SSD-66777221,,2025-04-11,approved,Director,,,,"Portal stage at harvest: Determination. Development type Data Storage, industry classification Water and Telecommunications. 145 documents attached to the project record.",VERIFIED,SRC_NSWPORTAL_REGISTER,high,2026-09-18
54,SITE_DICKER_DATA,"NSW Department of Planning, Housing and Infrastructure",state_significant_development,SSD-8662,,2019-04-12,approved,Executive Director,,,,"Portal stage at harvest: Determination. Development type Warehouse or distribution centres, industry classification Transport & Logistics. 60 documents attached to the project record.",VERIFIED,SRC_NSWPORTAL_REGISTER,high,2026-09-18
