id,run_at,pack,table_name,action,rows_affected,detail
1,2026-09-24T18:35:26Z,cer-verification-rg009,metrics,insert,122,"{""updated"": 0, ""rejected"": 0, ""skipped_identical"": 0}"
2,2026-09-24T18:35:26Z,cer-verification-rg009,entities,insert,2,"{""updated"": 0, ""rejected"": 0, ""skipped_identical"": 0}"
3,2026-09-24T18:35:26Z,cer-verification-rg009,renewable_claims,insert,1,"{""updated"": 1, ""rejected"": 0, ""skipped_identical"": 0}"
4,2026-09-24T18:35:26Z,cer-verification-rg009,research_gaps,insert,0,"{""updated"": 1, ""rejected"": 0, ""skipped_identical"": 0}"
5,2026-09-24T18:35:26Z,cer-verification-rg009,_pack,ok,0,"{""counts"": {""sources"": 5, ""metrics"": 122, ""entities"": 2, ""renewable_claims"": 2, ""research_gaps"": 1}, ""prepared_by"": ""scripts/analyse_cer.py"", ""prepared_on"": ""2026-09-18""}"
6,2026-09-24T18:35:26Z,rg013-hyperscaler-sites-2026-09,entities,insert,11,"{""updated"": 0, ""rejected"": 0, ""skipped_identical"": 0}"
7,2026-09-24T18:35:26Z,rg013-hyperscaler-sites-2026-09,sites,insert,16,"{""updated"": 3, ""rejected"": 0, ""skipped_identical"": 0}"
8,2026-09-24T18:35:26Z,rg013-hyperscaler-sites-2026-09,applications,insert,2,"{""updated"": 0, ""rejected"": 0, ""skipped_identical"": 0}"
9,2026-09-24T18:35:26Z,rg013-hyperscaler-sites-2026-09,power_profile,insert,2,"{""updated"": 0, ""rejected"": 0, ""skipped_identical"": 0}"
10,2026-09-24T18:35:26Z,rg013-hyperscaler-sites-2026-09,incentives,insert,2,"{""updated"": 0, ""rejected"": 0, ""skipped_identical"": 0}"
11,2026-09-24T18:35:26Z,rg013-hyperscaler-sites-2026-09,regulatory_events,insert,2,"{""updated"": 0, ""rejected"": 0, ""skipped_identical"": 0}"
12,2026-09-24T18:35:26Z,rg013-hyperscaler-sites-2026-09,community_events,insert,2,"{""updated"": 0, ""rejected"": 0, ""skipped_identical"": 0}"
13,2026-09-24T18:35:26Z,rg013-hyperscaler-sites-2026-09,metrics,insert,12,"{""updated"": 0, ""rejected"": 0, ""skipped_identical"": 0}"
14,2026-09-24T18:35:26Z,rg013-hyperscaler-sites-2026-09,research_gaps,insert,8,"{""updated"": 2, ""rejected"": 0, ""skipped_identical"": 0}"
15,2026-09-24T18:35:26Z,rg013-hyperscaler-sites-2026-09,_pack,ok,0,"{""counts"": {""sources"": 9, ""entities"": 11, ""sites"": 19, ""applications"": 2, ""power_profile"": 2, ""incentives"": 2, ""regulatory_events"": 2, ""community_events"": 2, ""metrics"": 12, ""research_gaps"": 10}, ""prepared_by"": ""scripts/curate_rg013.py (curated from primary sources read 2026-09-18)"", ""prepared_on"": ""2026-09-18""}"
16,2026-09-24T18:35:26Z,rg002-nsw-ssd-register-2026-09,sites,insert,34,"{""updated"": 12, ""rejected"": 0, ""skipped_identical"": 0}"
17,2026-09-24T18:35:26Z,rg002-nsw-ssd-register-2026-09,applications,insert,46,"{""updated"": 0, ""rejected"": 0, ""skipped_identical"": 0}"
18,2026-09-24T18:35:26Z,rg002-nsw-ssd-register-2026-09,metrics,insert,23,"{""updated"": 0, ""rejected"": 0, ""skipped_identical"": 0}"
19,2026-09-24T18:35:26Z,rg002-nsw-ssd-register-2026-09,research_gaps,insert,2,"{""updated"": 2, ""rejected"": 0, ""skipped_identical"": 0}"
20,2026-09-24T18:35:26Z,rg002-nsw-ssd-register-2026-09,_pack,ok,0,"{""counts"": {""sources"": 1, ""sites"": 46, ""applications"": 46, ""metrics"": 23, ""research_gaps"": 4}, ""prepared_by"": ""scripts/curate_rg002.py from exports/nsw_planning/nsw_data_centre_projects.csv"", ""prepared_on"": ""2026-09-18""}"
21,2026-09-24T18:35:26Z,rg026-consent-conditions-2026-09,entities,insert,2,"{""updated"": 4, ""rejected"": 0, ""skipped_identical"": 0}"
22,2026-09-24T18:35:26Z,rg026-consent-conditions-2026-09,sites,insert,0,"{""updated"": 2, ""rejected"": 0, ""skipped_identical"": 0}"
23,2026-09-24T18:35:26Z,rg026-consent-conditions-2026-09,power_profile,insert,0,"{""updated"": 1, ""rejected"": 0, ""skipped_identical"": 0}"
24,2026-09-24T18:35:26Z,rg026-consent-conditions-2026-09,instrument_application,insert,3,"{""updated"": 0, ""rejected"": 0, ""skipped_identical"": 0}"
25,2026-09-24T18:35:26Z,rg026-consent-conditions-2026-09,regulatory_events,insert,2,"{""updated"": 0, ""rejected"": 0, ""skipped_identical"": 0}"
26,2026-09-24T18:35:26Z,rg026-consent-conditions-2026-09,community_events,insert,1,"{""updated"": 0, ""rejected"": 0, ""skipped_identical"": 0}"
27,2026-09-24T18:35:26Z,rg026-consent-conditions-2026-09,metrics,insert,11,"{""updated"": 0, ""rejected"": 0, ""skipped_identical"": 0}"
28,2026-09-24T18:35:26Z,rg026-consent-conditions-2026-09,research_gaps,insert,5,"{""updated"": 3, ""rejected"": 0, ""skipped_identical"": 0}"
29,2026-09-24T18:35:26Z,rg026-consent-conditions-2026-09,engineering_claims,insert,0,"{""updated"": 2, ""rejected"": 0, ""skipped_identical"": 0}"
30,2026-09-24T18:35:26Z,rg026-consent-conditions-2026-09,_pack,ok,0,"{""counts"": {""sources"": 5, ""entities"": 6, ""sites"": 2, ""power_profile"": 1, ""instrument_application"": 3, ""regulatory_events"": 2, ""community_events"": 1, ""metrics"": 11, ""research_gaps"": 8, ""engineering_claims"": 2}, ""prepared_by"": ""scripts/curate_rg026.py (curated from the signed consent and ABR records read 2026-09-18)"", ""prepared_on"": ""2026-09-18""}"
31,2026-09-24T18:35:26Z,rg015-inquiry-record-2026-09,entities,insert,13,"{""updated"": 0, ""rejected"": 0, ""skipped_identical"": 0}"
32,2026-09-24T18:35:26Z,rg015-inquiry-record-2026-09,metrics,insert,13,"{""updated"": 0, ""rejected"": 0, ""skipped_identical"": 0}"
33,2026-09-24T18:35:26Z,rg015-inquiry-record-2026-09,regulatory_events,insert,7,"{""updated"": 0, ""rejected"": 0, ""skipped_identical"": 0}"
34,2026-09-24T18:35:26Z,rg015-inquiry-record-2026-09,renewable_claims,insert,3,"{""updated"": 0, ""rejected"": 0, ""skipped_identical"": 0}"
35,2026-09-24T18:35:26Z,rg015-inquiry-record-2026-09,community_events,insert,4,"{""updated"": 0, ""rejected"": 0, ""skipped_identical"": 0}"
36,2026-09-24T18:35:26Z,rg015-inquiry-record-2026-09,research_gaps,insert,4,"{""updated"": 2, ""rejected"": 0, ""skipped_identical"": 0}"
37,2026-09-24T18:35:26Z,rg015-inquiry-record-2026-09,_pack,ok,0,"{""counts"": {""sources"": 6, ""entities"": 13, ""metrics"": 13, ""regulatory_events"": 7, ""renewable_claims"": 3, ""community_events"": 4, ""research_gaps"": 6}, ""prepared_by"": ""scripts/curate_rg015.py (curated from transcripts read 2026-09-18)"", ""prepared_on"": ""2026-09-18""}"
38,2026-09-24T18:35:26Z,rg034-consent-modifications-2026-09,modifications,insert,17,"{""updated"": 0, ""rejected"": 0, ""skipped_identical"": 0}"
39,2026-09-24T18:35:26Z,rg034-consent-modifications-2026-09,metrics,insert,4,"{""updated"": 0, ""rejected"": 0, ""skipped_identical"": 0}"
40,2026-09-24T18:35:26Z,rg034-consent-modifications-2026-09,research_gaps,insert,2,"{""updated"": 1, ""rejected"": 0, ""skipped_identical"": 0}"
41,2026-09-24T18:35:26Z,rg034-consent-modifications-2026-09,_pack,ok,0,"{""counts"": {""sources"": 1, ""modifications"": 17, ""metrics"": 4, ""research_gaps"": 3}, ""prepared_by"": ""scripts/curate_rg034.py from exports/nsw_planning/nsw_data_centre_modifications.csv"", ""prepared_on"": ""2026-09-18""}"
42,2026-09-24T18:35:26Z,rg003-vic-qld-2026-09,entities,insert,4,"{""updated"": 1, ""rejected"": 0, ""skipped_identical"": 0}"
43,2026-09-24T18:35:26Z,rg003-vic-qld-2026-09,sites,insert,2,"{""updated"": 3, ""rejected"": 0, ""skipped_identical"": 0}"
44,2026-09-24T18:35:26Z,rg003-vic-qld-2026-09,power_profile,insert,1,"{""updated"": 1, ""rejected"": 0, ""skipped_identical"": 0}"
45,2026-09-24T18:35:26Z,rg003-vic-qld-2026-09,water_profile,insert,1,"{""updated"": 0, ""rejected"": 0, ""skipped_identical"": 0}"
46,2026-09-24T18:35:26Z,rg003-vic-qld-2026-09,legal_instruments,insert,2,"{""updated"": 0, ""rejected"": 0, ""skipped_identical"": 0}"
47,2026-09-24T18:35:26Z,rg003-vic-qld-2026-09,instrument_application,insert,1,"{""updated"": 0, ""rejected"": 0, ""skipped_identical"": 0}"
48,2026-09-24T18:35:26Z,rg003-vic-qld-2026-09,incentives,insert,1,"{""updated"": 0, ""rejected"": 0, ""skipped_identical"": 0}"
49,2026-09-24T18:35:26Z,rg003-vic-qld-2026-09,community_groups,insert,1,"{""updated"": 0, ""rejected"": 0, ""skipped_identical"": 0}"
50,2026-09-24T18:35:26Z,rg003-vic-qld-2026-09,community_events,insert,2,"{""updated"": 0, ""rejected"": 0, ""skipped_identical"": 0}"
51,2026-09-24T18:35:26Z,rg003-vic-qld-2026-09,metrics,insert,11,"{""updated"": 0, ""rejected"": 0, ""skipped_identical"": 0}"
52,2026-09-24T18:35:26Z,rg003-vic-qld-2026-09,research_gaps,insert,5,"{""updated"": 2, ""rejected"": 0, ""skipped_identical"": 0}"
53,2026-09-24T18:35:26Z,rg003-vic-qld-2026-09,_pack,ok,0,"{""counts"": {""sources"": 4, ""entities"": 5, ""sites"": 5, ""power_profile"": 2, ""water_profile"": 1, ""legal_instruments"": 2, ""instrument_application"": 1, ""incentives"": 1, ""community_groups"": 1, ""community_events"": 2, ""metrics"": 11, ""research_gaps"": 7}, ""prepared_by"": ""scripts/curate_rg003.py (curated from sources read 2026-09-18)"", ""prepared_on"": ""2026-09-18""}"
54,2026-09-24T18:35:26Z,rg049-western-downs-application-2026-09,entities,insert,3,"{""updated"": 1, ""rejected"": 0, ""skipped_identical"": 0}"
55,2026-09-24T18:35:26Z,rg049-western-downs-application-2026-09,sites,insert,0,"{""updated"": 1, ""rejected"": 0, ""skipped_identical"": 0}"
56,2026-09-24T18:35:26Z,rg049-western-downs-application-2026-09,power_profile,insert,0,"{""updated"": 1, ""rejected"": 0, ""skipped_identical"": 0}"
57,2026-09-24T18:35:26Z,rg049-western-downs-application-2026-09,water_profile,insert,0,"{""updated"": 1, ""rejected"": 0, ""skipped_identical"": 0}"
58,2026-09-24T18:35:26Z,rg049-western-downs-application-2026-09,legal_instruments,insert,2,"{""updated"": 0, ""rejected"": 0, ""skipped_identical"": 0}"
59,2026-09-24T18:35:26Z,rg049-western-downs-application-2026-09,metrics,insert,8,"{""updated"": 0, ""rejected"": 0, ""skipped_identical"": 0}"
60,2026-09-24T18:35:26Z,rg049-western-downs-application-2026-09,research_gaps,insert,5,"{""updated"": 5, ""rejected"": 0, ""skipped_identical"": 0}"
61,2026-09-24T18:35:26Z,rg049-western-downs-application-2026-09,engineering_claims,insert,0,"{""updated"": 2, ""rejected"": 0, ""skipped_identical"": 0}"
62,2026-09-24T18:35:26Z,rg049-western-downs-application-2026-09,_pack,ok,0,"{""counts"": {""sources"": 2, ""entities"": 4, ""sites"": 1, ""power_profile"": 1, ""water_profile"": 1, ""legal_instruments"": 2, ""metrics"": 8, ""research_gaps"": 10, ""engineering_claims"": 2}, ""prepared_by"": ""scripts/curate_rg049.py (curated from the lodged application and ABR records read 2026-09-18)"", ""prepared_on"": ""2026-09-18""}"
63,2026-09-24T18:35:26Z,rg038-consent-comparison-2026-09,sites,insert,0,"{""updated"": 4, ""rejected"": 0, ""skipped_identical"": 0}"
64,2026-09-24T18:35:26Z,rg038-consent-comparison-2026-09,power_profile,insert,3,"{""updated"": 1, ""rejected"": 0, ""skipped_identical"": 0}"
65,2026-09-24T18:35:26Z,rg038-consent-comparison-2026-09,metrics,insert,19,"{""updated"": 0, ""rejected"": 0, ""skipped_identical"": 0}"
66,2026-09-24T18:35:26Z,rg038-consent-comparison-2026-09,research_gaps,insert,4,"{""updated"": 4, ""rejected"": 0, ""skipped_identical"": 0}"
67,2026-09-24T18:35:26Z,rg038-consent-comparison-2026-09,engineering_claims,insert,0,"{""updated"": 1, ""rejected"": 0, ""skipped_identical"": 0}"
68,2026-09-24T18:35:26Z,rg038-consent-comparison-2026-09,_pack,ok,0,"{""counts"": {""sources"": 3, ""sites"": 4, ""power_profile"": 4, ""metrics"": 19, ""research_gaps"": 8, ""engineering_claims"": 1}, ""prepared_by"": ""scripts/curate_rg038.py (curated from four signed consents read 2026-09-18)"", ""prepared_on"": ""2026-09-18""}"
69,2026-09-24T18:35:27Z,rg046-guidelines-scope-2026-09,legal_instruments,insert,0,"{""updated"": 1, ""rejected"": 0, ""skipped_identical"": 0}"
70,2026-09-24T18:35:27Z,rg046-guidelines-scope-2026-09,incentives,insert,1,"{""updated"": 0, ""rejected"": 0, ""skipped_identical"": 0}"
71,2026-09-24T18:35:27Z,rg046-guidelines-scope-2026-09,metrics,insert,2,"{""updated"": 0, ""rejected"": 0, ""skipped_identical"": 0}"
72,2026-09-24T18:35:27Z,rg046-guidelines-scope-2026-09,research_gaps,insert,3,"{""updated"": 1, ""rejected"": 0, ""skipped_identical"": 0}"
73,2026-09-24T18:35:27Z,rg046-guidelines-scope-2026-09,_pack,ok,0,"{""counts"": {""sources"": 1, ""legal_instruments"": 1, ""incentives"": 1, ""metrics"": 2, ""research_gaps"": 4}, ""prepared_by"": ""scripts/curate_rg046.py (curated from the Guidelines text read 2026-09-18)"", ""prepared_on"": ""2026-09-18""}"
74,2026-09-24T18:35:27Z,rg060-consent-matrix-2026-09,entities,insert,6,"{""updated"": 0, ""rejected"": 0, ""skipped_identical"": 0}"
75,2026-09-24T18:35:27Z,rg060-consent-matrix-2026-09,sites,insert,0,"{""updated"": 18, ""rejected"": 0, ""skipped_identical"": 0}"
76,2026-09-24T18:35:27Z,rg060-consent-matrix-2026-09,power_profile,insert,8,"{""updated"": 0, ""rejected"": 0, ""skipped_identical"": 0}"
77,2026-09-24T18:35:27Z,rg060-consent-matrix-2026-09,metrics,insert,20,"{""updated"": 0, ""rejected"": 0, ""skipped_identical"": 0}"
78,2026-09-24T18:35:27Z,rg060-consent-matrix-2026-09,research_gaps,insert,2,"{""updated"": 5, ""rejected"": 0, ""skipped_identical"": 0}"
79,2026-09-24T18:35:27Z,rg060-consent-matrix-2026-09,_pack,ok,0,"{""counts"": {""sources"": 1, ""entities"": 6, ""sites"": 18, ""power_profile"": 8, ""metrics"": 20, ""research_gaps"": 7}, ""prepared_by"": ""scripts/curate_rg060.py from exports/nsw_planning/nsw_dc_consent_conditions.csv"", ""prepared_on"": ""2026-09-18""}"
80,2026-09-24T18:35:27Z,airtrunk-bca-influence-2026-09,entities,insert,5,"{""updated"": 2, ""rejected"": 0, ""skipped_identical"": 0}"
81,2026-09-24T18:35:27Z,airtrunk-bca-influence-2026-09,ownership,insert,1,"{""updated"": 0, ""rejected"": 0, ""skipped_identical"": 0}"
82,2026-09-24T18:35:27Z,airtrunk-bca-influence-2026-09,lobbying,insert,10,"{""updated"": 0, ""rejected"": 0, ""skipped_identical"": 0}"
83,2026-09-24T18:35:27Z,airtrunk-bca-influence-2026-09,metrics,insert,12,"{""updated"": 0, ""rejected"": 0, ""skipped_identical"": 0}"
84,2026-09-24T18:35:27Z,airtrunk-bca-influence-2026-09,renewable_claims,insert,3,"{""updated"": 0, ""rejected"": 0, ""skipped_identical"": 0}"
85,2026-09-24T18:35:27Z,airtrunk-bca-influence-2026-09,legal_instruments,insert,1,"{""updated"": 0, ""rejected"": 0, ""skipped_identical"": 0}"
86,2026-09-24T18:35:27Z,airtrunk-bca-influence-2026-09,regulatory_events,insert,2,"{""updated"": 0, ""rejected"": 0, ""skipped_identical"": 0}"
87,2026-09-24T18:35:27Z,airtrunk-bca-influence-2026-09,research_gaps,insert,6,"{""updated"": 0, ""rejected"": 0, ""skipped_identical"": 0}"
88,2026-09-24T18:35:27Z,airtrunk-bca-influence-2026-09,engineering_claims,insert,0,"{""updated"": 2, ""rejected"": 0, ""skipped_identical"": 0}"
89,2026-09-24T18:35:27Z,airtrunk-bca-influence-2026-09,_pack,ok,0,"{""counts"": {""sources"": 7, ""entities"": 7, ""ownership"": 1, ""lobbying"": 10, ""metrics"": 12, ""renewable_claims"": 3, ""legal_instruments"": 1, ""regulatory_events"": 2, ""research_gaps"": 6, ""engineering_claims"": 2}, ""prepared_by"": ""scripts/curate_airtrunk_bca.py (curated from primary sources read 2026-09-18)"", ""prepared_on"": ""2026-09-18""}"
90,2026-09-24T18:35:27Z,consultants-layer-2026-09,entities,insert,15,"{""updated"": 0, ""rejected"": 0, ""skipped_identical"": 0}"
91,2026-09-24T18:35:27Z,consultants-layer-2026-09,entity_aliases,insert,11,"{""updated"": 0, ""rejected"": 0, ""skipped_identical"": 0}"
92,2026-09-24T18:35:27Z,consultants-layer-2026-09,ownership,insert,2,"{""updated"": 0, ""rejected"": 0, ""skipped_identical"": 0}"
93,2026-09-24T18:35:27Z,consultants-layer-2026-09,consultancy_profile,insert,8,"{""updated"": 0, ""rejected"": 0, ""skipped_identical"": 0}"
94,2026-09-24T18:35:27Z,consultants-layer-2026-09,gov_contracts,insert,23,"{""updated"": 0, ""rejected"": 0, ""skipped_identical"": 0}"
95,2026-09-24T18:35:27Z,consultants-layer-2026-09,consultant_role,insert,22,"{""updated"": 0, ""rejected"": 0, ""skipped_identical"": 0}"
96,2026-09-24T18:35:27Z,consultants-layer-2026-09,case_handling,insert,71,"{""updated"": 0, ""rejected"": 0, ""skipped_identical"": 0}"
97,2026-09-24T18:35:27Z,consultants-layer-2026-09,lobbying,insert,3,"{""updated"": 0, ""rejected"": 0, ""skipped_identical"": 0}"
98,2026-09-24T18:35:27Z,consultants-layer-2026-09,metrics,insert,18,"{""updated"": 0, ""rejected"": 0, ""skipped_identical"": 0}"
99,2026-09-24T18:35:27Z,consultants-layer-2026-09,engineering_claims,insert,4,"{""updated"": 0, ""rejected"": 0, ""skipped_identical"": 0}"
100,2026-09-24T18:35:27Z,consultants-layer-2026-09,research_gaps,insert,12,"{""updated"": 0, ""rejected"": 0, ""skipped_identical"": 0}"
101,2026-09-24T18:35:27Z,consultants-layer-2026-09,_pack,ok,0,"{""counts"": {""sources"": 10, ""entities"": 15, ""entity_aliases"": 11, ""ownership"": 2, ""consultancy_profile"": 8, ""gov_contracts"": 23, ""consultant_role"": 22, ""case_handling"": 71, ""lobbying"": 3, ""metrics"": 18, ""engineering_claims"": 4, ""research_gaps"": 12}, ""prepared_by"": ""scripts/curate_consultants.py (curated from primary notices, consents and portal nodes read 2026-09-18)"", ""prepared_on"": ""2026-09-18""}"
102,2026-09-24T18:35:27Z,rg079-determinations-2026-09,case_handling,insert,12,"{""updated"": 7, ""rejected"": 0, ""skipped_identical"": 0}"
103,2026-09-24T18:35:27Z,rg079-determinations-2026-09,metrics,insert,9,"{""updated"": 0, ""rejected"": 0, ""skipped_identical"": 0}"
104,2026-09-24T18:35:27Z,rg079-determinations-2026-09,regulatory_events,insert,2,"{""updated"": 0, ""rejected"": 0, ""skipped_identical"": 0}"
105,2026-09-24T18:35:27Z,rg079-determinations-2026-09,research_gaps,insert,2,"{""updated"": 3, ""rejected"": 0, ""skipped_identical"": 0}"
106,2026-09-24T18:35:27Z,rg079-determinations-2026-09,_pack,ok,0,"{""counts"": {""case_handling"": 19, ""metrics"": 9, ""regulatory_events"": 2, ""research_gaps"": 5}, ""prepared_by"": ""scripts/curate_rg079.py from exports/nsw_planning/nsw_dc_consent_conditions.csv + reextraction_report.json + archived nodes"", ""prepared_on"": ""2026-09-18""}"
107,2026-09-24T18:35:27Z,status-updates-2026-09,research_gaps,insert,0,"{""updated"": 5, ""rejected"": 0, ""skipped_identical"": 0}"
108,2026-09-24T18:35:27Z,status-updates-2026-09,incentives,insert,0,"{""updated"": 1, ""rejected"": 0, ""skipped_identical"": 0}"
109,2026-09-24T18:35:27Z,status-updates-2026-09,_pack,ok,0,"{""counts"": {""sources"": 2, ""research_gaps"": 5, ""incentives"": 1}, ""prepared_by"": ""scripts/curate_status.py"", ""prepared_on"": ""2026-09-18""}"
110,2026-09-24T18:35:27Z,site-coordinates-nsw-portal-2026-09,sites,insert,0,"{""updated"": 46, ""rejected"": 0, ""skipped_identical"": 0}"
111,2026-09-24T18:35:27Z,site-coordinates-nsw-portal-2026-09,_pack,ok,0,"{""counts"": {""sources"": 40, ""sites"": 46}, ""prepared_by"": ""scripts/curate_site_coordinates.py from data/raw/nsw_planning/nodes/"", ""prepared_on"": ""2026-09-18""}"
