id,event_date,regulator_id,instrument_id,site_id,entity_id,event_type,summary,outcome,notes,fact_status,source_id,confidence,as_of_date
1,2026-04-10,ENT_NSW_EPA,,SITE_MAMRE_ROAD,,additional_information_request,"NSW EPA advised the Department that the Mamre Road EIS 'does not provide the information required to allow us to complete our assessment' and requested further information on air quality, noise, greenhouse gas emissions and waste storage, citing potential significant air quality and noise impacts and proximity to schools, aged care facilities and existing residences.",,,REPORTED,SRC_IA_MAMRE,high,2026-04-30
2,2026-08-20,ENT_TRANSGRID,,,,determination,"Sydney Basin Network Capacity Update published: no capacity to connect any of the 20 GW of large load enquiries without user-paid augmentation; up to 2 GW unlockable via a new South Creek 500/330 kV substation and further Western Sydney upgrades, at proponent cost; capacity allocated in the order connection agreements are signed.",,,VERIFIED,SRC_TRANSGRID26,high,2026-08-26
3,2026-05,ENT_TRANSGRID,,,,hearing,"Transgrid Executive General Manager Jason Krstanoski told the NSW Legislative Council inquiry that existing regulatory arrangements were not designed for this level of large, clustered load growth.",,,REPORTED,SRC_REUTERS_S7,medium,2026-09-18
4,2026-03-12,ENT_AEMC,LAW_NER_IBL,,,determination,"AEMC published a draft rule proposing new technical standards for large data centres and similar inverter-based loads, requiring fault ride-through rather than disconnection.",,,VERIFIED,SRC_AEMC,high,2026-03-12
5,2026-07,ENT_AEMO,,,,review_announced,"ECMC agreed at its July 2026 meeting, with Queensland and the Northern Territory dissenting, to progress regulatory arrangements mandating that data centres offset their electricity demand by investing in additional renewable and firming generation. NER changes to be considered in September 2026.",,,REPORTED,SRC_MALLESONS,medium,2026-08-06
6,2026-08-05,ENT_AEMC,LAW_ERC0448_56,,,rule_change_request,AEMC published advice to the ECMC on regulatory pathways to require data centres to fully offset demand and demonstrate firmed capacity; the Commonwealth Energy Minister lodged ERC0448 and ERC0456 on network cost recovery the same day.,,,REPORTED,SRC_MALLESONS,medium,2026-08-06
7,2026-08-17,ENT_NSW_TREASURY,LAW_NSWGUIDE26,,,fast_track_granted,"NSW Data Centre Guidelines and the 75-day fast-track pathway took effect, alongside a new NSW Office of AI and the commissioning of an IPART water pricing review.",,,VERIFIED,SRC_ABCNSW26,high,2026-08-17
8,2026-01-29,ENT_NSWLC,LAW_NSW_INQUIRY,,,inquiry_opened,NSW Legislative Council self-referred an inquiry into data centres; submissions 4 February to 27 March 2026; public hearings from 29 May 2026.,,,VERIFIED,SRC_NSWINQ,high,2026-09-18
9,2026-03-03,ENT_CER,,,,other,"Clean Energy Regulator NGERS data reported by the AFR: greenhouse gas emissions of the top three data centre operators (AirTrunk, CDC, Amazon) doubled over five years and rose 20% in 2024-25.",,The underlying CER dataset is public and downloadable - a direct ingestion target for the verification module.,REPORTED,SRC_AFR_NGER,medium,2026-09-18
10,2026-03-27,ENT_NSW_TREASURY,,,,determination,"The NSW Investment Delivery Authority announced Round 1 endorsements: 15 data centre projects worth $51.9bn and 14 energy projects worth $34bn. It also declined to endorse around $40.7bn of data centre and technology proposals, describing them as premature or overly speculative. The same release announced the NSW Data Centre Consultation Paper with six weeks for written feedback.",,"The $40.7bn rejection is the first hard government-side quantification of phantom demand in Australia, and it corroborates the Oxford Economics finding carried in the NSW Data Centre Guidelines that 6 in every 7 MW of connection requests are speculative. Rejected value ($40.7bn) exceeds endorsed value ($51.9bn) by a factor of 0.78.",VERIFIED,SRC_NSW_IDA,high,2026-09-18
11,2026-09-16,ENT_NSW_DPHI,,SITE_GLENDENNING,,determination,"SSD-73761707 (Glendenning Road Data Centre) was determined on 16 September 2026 - signed 14 September 2026 by Joanna Bakopanos, A/Director Industry Assessments, as delegate of the Minister under a delegation executed 18 August 2026 - over the formal objection of Blacktown City Council. The signed consent permits a TOTAL POWER CONSUMPTION OF 235 MW (the portal project description says 202.4 MW; the discrepancy is unexplained on the public record) and caps installed back-up generation at 267.45 MW.",,"Determined one month after the NSW Data Centre Guidelines took effect on 17 August 2026. RG-026 RESOLVED by reading the signed consent in full: the conditions carry a 170-hour generator cap (below the 200-hour template), a NOx mass cap of 10 t/yr as NO2-equivalent excluding unplanned outage events, 45 m stacks, annual rotational emissions testing, PUE, WUE, renewable supply and recycled/non-potable water provisions - but the template PROHIBITS diesel load curtailment (no demand-flexibility requirement) and the consent does NOT cite the NSW Data Centre Guidelines at all. Determination date and signatory verified against the instrument cover page, the Notice of Decision ('Date of decision 14 September 2026') and portal node metadata (field_date_of_determination_mp 2026-09-16).",VERIFIED,SRC_NSWPORTAL_GLEN,high,2026-09-18
12,2026-09-14,ENT_NSW_DPHI,,SITE_GLENDENNING,,determination,"Joanna Bakopanos, A/Director Industry Assessments Sydney, signed the Development Consent for SSD-73761707 as delegate of the Minister for Planning and Public Spaces under a delegation executed on 18 August 2026. Notice of decision issued 16 September 2026.",,The delegation date is one day after the NSW Data Centre Guidelines took effect (17 August 2026). File EF24/10658.,VERIFIED,SRC_SSD73761707_CONSENT,high,2026-09-18
13,2025-06-12,ENT_NSW_DPHI,,SITE_GLENDENNING,,objection_upheld,Blacktown City Council objected to SSD-73761707 and asked that its matters be comprehensively addressed and the response returned to Council for further comment before any determination. The consent issued 15 months later on 16 September 2026.,"Objection not determinative: the consent authority is the Minister, not the council.","Recorded as objection_upheld=False in substance - the objection did not prevent approval. Kept in regulatory_events as well as community_events because it is a formal statutory submission, not a community campaign.",VERIFIED,SRC_BLACKTOWN_OBJ,high,2026-09-18
14,2026-05-01,ENT_PAWC,LAW_NSW_INQUIRY,,,hearing,"First public hearing, Jubilee Room. Data Centres Australia gave evidence that operators pay 100 per cent of connection and augmentation costs, will pay $10.3 billion in energy infrastructure to 2030 with $1.1 billion of that excess capacity available for public use, do not receive subsidies or tax incentives, and that the widely repeated 25 per cent Sydney water figure is 'not based in fact' and was dismissed by IPART as unverifiable.",,Also: Australian Writers' Guild on copyright and AI training; Protocol Policy Lab on tax incentives in other jurisdictions and their risks.,VERIFIED,SRC_INQ_T_0501,high,2026-09-18
15,2026-05-08,ENT_PAWC,LAW_NSW_INQUIRY,,,hearing,"Second hearing. Academic and community evidence: UTS, University of Sydney (urban geography, AI trust and governance, Net Zero Institute), WinDC, Committee for Sydney, and Lane Cove Council's Deputy Mayor. A committee member proposed that community benefit sharing could be funded through a shift in land tax classification for data centres; the witness had done no analysis of the land tax implication and cautioned that market equality within zones would need to be considered.",,"This is the only point in the record where a land tax change is floated, and it is floated by a committee member as a revenue-raising mechanism for community benefit - the opposite direction from a concession.",VERIFIED,SRC_INQ_T_0508,high,2026-09-18
16,2026-05-22,ENT_PAWC,LAW_NSW_INQUIRY,,,hearing,"Largest hearing, 15 witnesses. Transgrid confirmed 10 GW of inquiries and 6 GW of formal applications but no committed data centre connection. Sydney Water's Managing Director stood by the 25 per cent projection while acknowledging uncertainty. UDIA quantified the collision with housing delivery. Unions NSW recommended local content and apprentice quotas at no less than Renewable Energy Sector Board standards. The Premier's Department appeared without having made a submission.",,,VERIFIED,SRC_INQ_T_0522,high,2026-09-18
17,2026-05-22,ENT_PAWC,LAW_NSW_INQUIRY,,,other,"GOVERNANCE FINDING. The Chair recorded that the Premier's Department made no submission to the inquiry despite an invitation, and that budget estimates evidence had indicated a government submission was expected. Secretary Simon Draper PSM said the department thought appearing in person would be more effective; the Chair replied 'It's not.' Ms Jacqui Munro MLC established that the department had not prepared a submission and sought permission to make one. Sydney Water also made no submission, which the Chair described as perplexing given it was invited to appear.",,"Directly relevant to terms of reference (h)(i)-(iv) on governance, transparency and accountability. The two bodies holding the most material data on water demand and government coordination gave oral evidence only, with no written submission on the public record.",VERIFIED,SRC_INQ_T_0522,high,2026-09-18
18,2026-05-29,ENT_PAWC,LAW_NSW_INQUIRY,,,hearing,"Networks and industry hearing: Endeavour Energy, Ausgrid, Clean Energy Council, Business Council of Australia, UNSW AI Institute, Australian Information Industry Association, Sydmec and Sweltering Cities. Discussion included cross-subsidisation risk, stranded assets and inefficient utilisation of allocated capacity, and the proposition that excess network capacity gives data centres potential to absorb infrastructure costs and therefore reduce household bills.",,,VERIFIED,SRC_INQ_T_0529,high,2026-09-18
19,2026-07-02,ENT_PAWC,LAW_NSW_INQUIRY,,,hearing,"Final hearing (uncorrected transcript): University of Sydney physics and quantum technologies, Regional Development Australia Sydney, and a professor of law. Regional siting and the sovereign-capability framing featured.",,,VERIFIED,SRC_INQ_T_0702,high,2026-09-18
20,2026-11-03,ENT_PAWC,LAW_NSW_INQUIRY,,,review_announced,The committee is required to report by 3 November 2026.,,"This is the next major scheduled event in the Australian data centre policy calendar, alongside the ECMC's September 2026 consideration of National Electricity Rule changes and the Commonwealth legislation flagged for early 2027.",VERIFIED,SRC_INQ_TOR,high,2026-09-18
21,2026-04-02,ENT_PAWC,LAW_NSW_INQUIRY,,ENT_BCA,submission_deadline,"Business Council of Australia lodged Submission No 116 to the NSW Legislative Council Inquiry into Data Centres, seeking recalibration of policy settings, regulatory approaches and community narratives, alignment with the Commonwealth Expectations, expanded powers for the Investment Delivery Authority, and continued planning reform focused on efficiency, consistency and certainty.",,Received five days after the IDA's Round 1 endorsements were announced on 27 March 2026 and twenty-five days before the hearing at which the BCA's Executive Director Policy appeared.,VERIFIED,SRC_BCA_SUB116,high,2026-09-18
22,2026-05-13,,LAW_SENATE_AI_DC,,,inquiry_opened,"The Senate Environment and Communications References Committee was referred an inquiry into artificial intelligence and data centres, covering the effectiveness of existing regulatory frameworks including existing and future deals between the Government and global AI companies, and the impacts of AI and data centres on communities, industries, the environment, water and energy. Submissions closed 1 September 2026 with 116 received; the committee reports on 16 November 2026.",,,VERIFIED,SRC_SENATE_AI_DC,high,2026-09-18
23,2026-08-18,ENT_NSW_DPHI,,,,other,"A ministerial delegation for Industry Assessments was executed on 18 August 2026 - one day after the NSW Data Centre Guidelines took effect. Every determination after that date in the sample (Project Apollo 2026-09-02; Glendenning Road signed 2026-09-14) was made by Joanna Bakopanos, A/Director Industry Assessments, under this new delegation, replacing the delegation of 9 March 2022 under which the previous twelve instruments in the sample were signed.",New delegation regime in force from 18 August 2026.,"Verified from the cover pages of the two signed instruments ('As delegate of the Minister for Planning and Public Spaces under delegation executed on 18 August 2026, I approve...'), archived with SHA-256 manifests under data/raw/nsw_planning/consents/. The delegation instrument itself has not been sighted; its existence and date are established by the consents signed under it.",VERIFIED,SRC_NSWPORTAL_CONSENTS,high,2026-09-18
24,2026-09-02,ENT_NSW_DPHI,,SITE_PROJECT_APOLLO,,determination,"Project Apollo Data Centre, Macquarie Park (SSD-74069708; Schedule 1 applicant Goodman Property Services (Aust) Pty Limited) was determined - the FIRST consent determined after the NSW Data Centre Guidelines took effect. Signed by Joanna Bakopanos, Acting Director Industry Assessments, under the delegation executed 18 August 2026. File EF24/11318.","Approved. 135 MW total power cap; 185 MW installed back-up; 187-hour generator cap; 2,000 t diesel; PUE, WUE, renewable supply and recycled/non-potable water provisions; NOx mass cap absent; the Guidelines are not cited.","Case officer Patrick Copas - one of the two officers who hold 65% of the live pipeline. Determination date verified from the instrument cover ('Sydney 2 September 2026'-form execution line, parsed 2026-09-02) and portal node metadata (field_date_of_determination_mp 2026-09-02).",VERIFIED,SRC_NSWPORTAL_CONSENTS,high,2026-09-18
25,2026-07-15,,,,,other,"Prime Minister announces mandatory 'Australian Standards for AI': a single national framework covering large AI data centres' locations, power and water use, absorbing the March 2026 expectations for large AI data centres; National Cabinet agreement sought for August 2026; legislation planned for early 2027. Next-generation large-scale data centres to be legally obliged to underwrite new power supply, pay their full share of grid connection, be net generators of energy, minimise water use and pay for additional water infrastructure. Speech also names AI 'a critical - and urgent - innovation priority for our defence force and security agencies' and warns against 'subcontracting our sovereignty and security to the control of foreign monopolies'.",Framework announced; National Cabinet and legislation pending as at Sep 2026.,"event_type 'other' because the vocabulary has no 'framework_announced' value and forcing 'rule_change_request' would misstate a government announcement as a request. Recorded in this thread because it is the policy frame into which NVIDIA's up-to-2GW Australian AI-factory buildout landed eight weeks later (9 Sep 2026), and because its net-generator and water obligations interact directly with the observatory's existing consent-condition findings.",VERIFIED,SRC_PM_AI_STANDARDS,high,2026-07-15
