Liable entity,Assessment year,LGC liability (Number of certificates)#,LGCs accepted for surrender,Remaining LGC Shortfall (Number of certificates),LGC shortfall (percentage of total LGC liability),"LGC shortfall charge issued (Y/N) *","LGCs surrendered for refund *",Value of LGC shortfall charge ($),LGC shortfall status *
NT Power Generation Pty Ltd,2001,182,0,182,100.00,-,-,"7,280 ",-
Redbank Project Pty Limited,2001,183,0,183,100.00,-,-,"7,320 ",-
Synergen Power Pty Limited,2001,2,0,2,100.00,-,-,80 ,-
Yamasa Australia Pty Ltd,2001,5,0,5,100.00,-,-,200 ,-
Redbank Project Pty Limited,2002,25,0,25,100.00,-,-,"1,000 ",-
Yamasa Australia Pty Ltd,2002,13,0,13,100.00,-,-,520 ,-
Yamasa Australia Pty Ltd,2003,13,0,13,100.00,-,-,520 ,-
Yamasa Australia Pty Ltd,2004,20,0,20,100.00,-,-,800 ,-
Yamasa Australia Pty Ltd,2005,18,0,18,100.00,-,-,720 ,-
Queensland Power Trading Corporation,2007,9,0,9,100.00,-,-,360 ,-
GoEnergy Pty Ltd,2009,"16,056",408,"15,648",97.45,-,-,"625,920 ",-
Sanctuary Energy Pty Ltd,2009,195,172,23,11.79,-,-,920 ,-
Independent Electricity Retail Solutions Pty Ltd,2010,10,0,10,100.00,-,-,650 ,-
Sanctuary Energy Pty Ltd,2010,"1,596",0,"1,596",100.00,-,-,"103,740 ",-
Independent Electricity Retail Solutions Pty Ltd,2011,1,0,1,100.00,-,-,65 ,-
Sanctuary Energy Pty Ltd,2011,"2,426",0,"2,426",100.00,-,-,"157,690 ",-
Redbank Project Pty Limited,2013,120,0,120,100.00,-,-,"7,800 ",-
GoEnergy Pty Ltd,2014,244,215,29,11.88,-,-,"1,885 ",-
GoEnergy Pty Ltd,2015,"10,917",0,"10,917",100.00,-,-,"709,605 ",-
Urth Energy Pty Ltd,2015,1,0,1,100.00,-,-,65 ,-
Alinta Energy Retail Sales Pty. Ltd.,2016,"344,037","221,970","122,107",35.49,-,-,"7,936,955 ",-
Alinta Sales Pty Ltd,2016,"219,197","140,331","78,865",35.97,-,-,"5,126,225 ",-
COzero Energy Retail Pty Ltd,2016,"16,135",0,"16,135",100.00,-,-,"1,048,775 ",-
GoEnergy Pty Ltd,2016,"14,485",0,"14,485",100.00,-,-,"941,525 ",-
Sumo Power Pty Ltd,2016,"8,255","8,254",1,100.00,-,-,65 ,-
Urth Energy Pty Ltd,2016,"1,783",0,"1,783",100.00,-,-,"115,895 ",-
Change Energy Pty LTd,2017,"1,520",0,"1,520",100.00,-,-,"98,800 ",-
COzero Energy Retail Pty Ltd,2017,"4,995",0,"4,995",100.00,-,-,"324,675 ",-
Karara Energy Pty Ltd,2017,"23,217","20,657","2,560",11.02,-,-,"166,400 ",-
Mojo Power Pty Ltd,2017,"7,494",250,"7,213",96.25,-,-,"468,845 ",-
Urth Energy Pty Ltd,2017,497,0,497,100.00,-,-,"32,305 ",-
COzero Energy Retail Pty Ltd,2018,53,0,53,100.00,-,-,"3,445 ",-
Onsite Energy Solutions Pty Ltd,2018,4,3,1,25.00,-,-,65 ,-
Alinta DEWAP Pty Ltd,2019,"96,057",0,0,100.00,Yes,"96,057",0 ,Charge fully refunded
Alinta Energy Retail Sales Pty. Ltd.,2019,"927,555","245,096",0,73.57,Yes,"682,459",0 ,Charge fully refunded
Alinta Energy Transmission (Roy Hill) Pty Ltd,2019,"46,953",0,0,100.00,Yes,"46,953",0 ,Charge fully refunded
Alinta Sales Pty Ltd,2019,"519,999",931,0,99.82,Yes,"519,068",0 ,Charge fully refunded
AUSTRALIAN POWER PARTNERS B V and Others,2019,"3,536",0,0,100.00,Yes,"3,536",0 ,Charge fully refunded
Change Energy Pty LTd,2019,"12,647",0,0,100.00,Yes,"12,647",0 ,Charge fully refunded
ELECTRICITY GENERATION AND RETAIL CORPORATION,2019,"1,512,887","999,838",0,33.17,Yes,"513,049",0 ,Charge fully refunded
IPOWER 2 PTY LIMITED and IPOWER PTY LIMITED TA Simply Energy,2019,"582,536",280,0,99.95,Yes,"582,256",0 ,Charge fully refunded
Lumo Energy (NSW) Pty Ltd,2019,732,0,0,100.00,Yes,732,0 ,Charge fully refunded
Lumo Energy (QLD) Pty Ltd,2019,"1,323",0,0,100.00,Yes,"1,323",0 ,Charge fully refunded
Lumo Energy (SA) Pty Ltd,2019,"41,062",0,0,100.00,Yes,"41,062",0 ,Charge fully refunded
Lumo Energy Australia Pty Ltd,2019,"154,174",0,0,100.00,Yes,"154,174",0 ,Charge fully refunded
Mojo Power Pty Ltd (Receivers and Managers Appointed) (In Liquidation),2019,"6,326","3,084","3,242",51.24,Yes,0,"210,730 ",No LGCs surrendered for refund
Mount Isa Mines Ltd,2019,"64,323","1,054",0,98.36,Yes,"63,269",0 ,Charge fully refunded
Onsite Energy Solutions Pty Ltd,2019,2,0,2,100.00,Yes,0,130 ,No LGCs surrendered for refund
Perth Energy Pty Ltd,2019,"208,002","60,649",0,70.84,Yes,"147,353",0 ,Charge fully refunded
POWER CLUB LIMITED - Under administration,2019,356,0,356,100.00,Yes,0,"23,140 ",No LGCs surrendered for refund
Progressive Green Pty Ltd,2019,"146,592",0,0,99.91,Yes,"146,592",0 ,Charge fully refunded
Red Energy Pty. Limited,2019,"948,096","265,114",0,72.03,Yes,"682,982",0 ,Charge fully refunded
Sanctuary Energy Pty Ltd (Receivers and Managers Appointed),2019,"1,635",0,"1,635",98.08,Yes,0,"106,275 ",No LGCs surrendered for refund
SHELL ENERGY RETAIL PTY LTD,2019,"3,043,259","498,095",0,83.22,Yes,"2,545,164",0 ,Charge fully refunded
Synergen Power Pty Limited,2019,84,30,0,64.28,Yes,54,0 ,Charge fully refunded
TOTALENERGIES GAS & POWER AUSTRALIA PTY LTD,2019,"124,539","33,539",0,73.06,Yes,"91,000",0 ,Charge fully refunded
AGL Sales Pty Limited,2020,"4,042,114","2,854,545",0,29.37,Yes,"1,187,569",0 ,Charge fully refunded
Change Energy Pty LTd,2020,"15,873",0,0,100.00,Yes,"15,873",0 ,Charge fully refunded
CleanTech Energy Pty Ltd,2020,"25,207",481,0,98.09,Yes,"24,726",0 ,Charge fully refunded
Diamantina Power Station Pty Limited,2020,"184,485","74,681",0,59.51,Yes,"109,804",0 ,Charge fully refunded
ELECTRICITY GENERATION AND RETAIL CORPORATION,2020,"1,695,685","1,273,678",0,24.88,Yes,"422,007",0 ,Charge fully refunded
ENERGYAUSTRALIA PTY LTD,2020,"1,825,107","1,193,866",0,34.50,Yes,"631,241",0 ,Charge fully refunded
GENUITY RETAIL PTY LTD,2020,"155,593","83,155",0,46.55,Yes,"72,438",0 ,Charge fully refunded
Lumo Energy (SA) Pty Ltd,2020,"45,607",0,0,100.00,Yes,"45,607",0 ,Charge fully refunded
Lumo Energy Australia Pty Ltd,2020,"155,824",0,0,100.00,Yes,"155,824",0 ,Charge fully refunded
MOJO POWER EAST PTY LTD (Receivers and Managers Appointed) (In Liquidation),2020,"8,326",0,"8,326",99.78,Yes,0,"541,190 ",No LGCs surrendered for refund
Mojo Power Pty Ltd (Receivers and Managers Appointed) (In Liquidation),2020,"6,476",0,"6,476",100.00,Yes,0,"420,940 ",No LGCs surrendered for refund
Mount Isa Mines Ltd,2020,"66,427",0,0,100.00,Yes,"66,427",0 ,Charge fully refunded
Onsite Energy Solutions Pty Ltd,2020,2,0,2,100.00,Yes,0,130 ,No LGCs surrendered for refund
Origin Energy Electricity Limited,2020,"6,942,689","4,489,026",0,35.34,Yes,"2,453,663",0 ,Charge fully refunded
Powershop Australia Pty Limited,2020,"153,366",0,0,99.51,Yes,"153,366",0 ,Charge fully refunded
Progressive Green Pty Ltd,2020,"169,059","4,024",0,97.61,Yes,"165,035",0 ,Charge fully refunded
ReAmped Energy Pty Ltd,2020,"12,004",0,0,99.30,Yes,"12,004",0 ,Charge fully refunded
Red Energy Pty. Limited,2020,"1,035,488","308,666",0,70.19,Yes,"726,822",0 ,Charge fully refunded
CleanTech Energy Pty Ltd,2021,"29,786",0,0,100.00,Yes,"29,786",0 ,Charge fully refunded
Diamantina Power Station Pty Limited,2021,"235,891","135,891",0,42.39,Yes,"100,000",0 ,Charge fully refunded
ELYSIAN ENERGY PTY. LTD.,2021,"15,958","14,000","1,958",12.23,Yes,0,"127,270 ",No LGCs surrendered for refund
Origin Energy Electricity Limited,2021,"6,106,724","2,462,630",0,59.67,Yes,"3,644,094",0 ,Charge fully refunded
PEEL RENEWABLE ENERGY PTY LTD,2021,20,12,8,40.00,Yes,0,520 ,No LGCs surrendered for refund
Powershop Australia Pty Limited,2021,"157,240",0,0,100.00,Yes,"157,240",0 ,Charge fully refunded
Progressive Green Pty Ltd,2021,"212,352","19,944",0,90.60,Yes,"192,408",0 ,Charge fully refunded
SOCIAL ENERGY AUSTRALIA PTY LTD - Under administration,2021,1,0,1,100.00,Yes,0,65 ,No LGCs surrendered for refund
TOTALENERGIES GAS & POWER AUSTRALIA PTY LTD,2021,"135,445",445,0,99.67,Yes,"135,000",0 ,Charge fully refunded
Amanda Energy Pty Ltd,2022,"19,570",771,0,96.06,Yes,"18,799",0 ,Charge fully refunded
Aurora Energy Pty Ltd,2022,"798,929","563,150",0,29.51,Yes,"235,779",0 ,Charge fully refunded
AUSTRALIAN POWER PARTNERS B V and Others,2022,"1,852",0,0,100.00,Yes,"1,852",0 ,Charge fully refunded
BRIGHT SPARK POWER PTY LIMITED - Under administration,2022,732,7,725,99.04,Yes,0,"47,125 ",No LGCs surrendered for refund
CleanTech Energy Pty Ltd,2022,"34,430","1,114",0,96.76,Yes,"33,316",0 ,Charge fully refunded
ELYSIAN ENERGY PTY. LTD.,2022,"14,421",108,"14,313",99.25,Yes,0,"930,345 ",No LGCs surrendered for refund
ENERGY SERVICES MANAGEMENT PTY LTD,2022,"1,172",0,0,100.00,Yes,"1,172",0 ,Charge fully refunded
ENERGYAUSTRALIA PTY LTD,2022,"1,540,099","1,219,027",0,20.77,Yes,"321,072",0 ,Charge fully refunded
ENOVA ENERGY PTY LTD,2022,"1,433",0,"1,433",23.35,Yes,0,"93,145 ",No LGCs surrendered for refund
GEE POWER & GAS PTY LTD,2022,535,0,0,100.00,Yes,535,0 ,Charge fully refunded
IPOWER 2 PTY LIMITED and IPOWER PTY LIMITED TA ENGIE,2022,"599,652","14,095",0,97.64,Yes,"585,557",0 ,Charge fully refunded
MOJO POWER EAST PTY LTD (In liquidation),2022,"14,609",0,"14,609",100.00,Yes,0,"949,585 ",No LGCs surrendered for refund
Mojo Power Pty Ltd (Receivers and Managers Appointed) (External Administration)),2022,"11,238",0,"11,238",100.00,Yes,0,"730,470 ",No LGCs surrendered for refund
Origin Energy Electricity Limited,2022,"6,330,084","3,161,516",0,50.05,Yes,"3,168,568",0 ,Charge fully refunded
POOLED ENERGY PTY LIMITED - Under administration,2022,"1,204",0,"1,204",97.17,Yes,0,"78,260 ",No LGCs surrendered for refund
POWER CLUB LIMITED - Under administration,2022,"2,072",0,"2,072",96.50,Yes,0,"134,680 ",No LGCs surrendered for refund
Qenergy Limited - (Receivers and Managers Appointed) (External Administration)),2022,"42,015",0,"42,015",100.00,Yes,0,"2,730,975 ",No LGCs surrendered for refund
Rimfire Energy Pty Ltd,2022,"22,199","15,000",0,32.42,Yes,"7,199",0 ,Charge fully refunded
SOCIAL ENERGY AUSTRALIA PTY LTD - Under administration,2022,135,0,135,100.00,Yes,0,"8,775 ",No LGCs surrendered for refund
Synergen Power Pty Limited,2022,487,0,0,100.00,Yes,487,0 ,Charge fully refunded
TOTALENERGIES GAS & POWER AUSTRALIA PTY LTD,2022,"134,162",0,0,100.00,Yes,"134,162",0 ,Charge fully refunded
AGL Sales Pty Limited,2023,"3,821,764","3,036,764","785,000",20.54,Yes,0,"51,025,000 ",No LGCs surrendered for refund
Alinta Energy Retail Sales Pty. Ltd.,2023,"1,050,603",0,"1,050,603",100.00,Yes,0,"68,289,195 ",No LGCs surrendered for refund
Alinta Sales Pty Ltd,2023,"483,374",0,"483,374",100.00,Yes,0,"31,419,310 ",No LGCs surrendered for refund
Amanda Energy Pty Ltd,2023,"30,118","14,278",0,52.59,Yes,"15,840",0 ,Charge fully refunded
Aurora Energy Pty Ltd,2023,"708,621","535,688","172,933",24.40,Yes,0,"11,240,645 ",No LGCs surrendered for refund
AUSTRALIAN POWER PARTNERS B V and Others,2023,"2,121",0,"2,121",100.00,Yes,0,"137,865 ",No LGCs surrendered for refund
GEE POWER & GAS PTY LTD,2023,195,0,0,100.00,Yes,195,0 ,Charge fully refunded
IPOWER 2 PTY LIMITED and IPOWER PTY LIMITED TA ENGIE,2023,"582,822",658,"582,164",99.88,Yes,0,"37,840,660 ",No LGCs surrendered for refund
Lumo Energy (SA) Pty Ltd,2023,"48,781",0,"48,781",100.00,Yes,0,"3,170,765 ",No LGCs surrendered for refund
Lumo Energy Australia Pty Ltd,2023,"172,075",21,"172,054",99.98,Yes,0,"11,183,510 ",No LGCs surrendered for refund
MAXIMUM ENERGY RETAIL PTY LTD,2023,"1,645",25,"1,620",98.48,Yes,0,"105,300 ",No LGCs surrendered for refund
MOJO POWER EAST PTY LTD (In liquidation),2023,"1,825",0,"1,825",100.00,Yes,0,"118,625 ",No LGCs surrendered for refund
Mojo Power Pty Ltd (Receivers and Managers Appointed) (External Administration)),2023,"3,374",0,"3,374",100.00,Yes,0,"219,310 ",No LGCs surrendered for refund
MONDO METERING PTY LTD,2023,71,0,71,100.00,Yes,0,"4,615 ",No LGCs surrendered for refund
Qenergy Limited - (Receivers and Managers Appointed) (External Administration)),2023,"12,417",0,"12,417",100.00,Yes,0,"807,105 ",No LGCs surrendered for refund
Red Energy Pty. Limited,2023,"1,421,278","663,800","757,478",53.15,Yes,0,"49,236,070 ",No LGCs surrendered for refund
Synergen Power Pty Limited,2023,84,0,84,100.00,Yes,0,"5,460 ",No LGCs surrendered for refund
AGL Sales Pty Limited,2024,"3,579,001","2,292,516","1,286,485",35.94,Yes,0,"83,621,525 ",No LGCs surrendered for refund
Alinta Energy Retail Sales Pty. Ltd.,2024,"920,317","2,386","917,931",99.74,Yes,0,"59,665,515 ",No LGCs surrendered for refund
Alinta Sales Pty Ltd,2024,"570,182","1,737","568,445",99.69,Yes,0,"36,948,925 ",No LGCs surrendered for refund
Lumo Energy (SA) Pty Ltd,2024,"54,453",98,"54,355",99.82,Yes,0,"3,533,075 ",No LGCs surrendered for refund
Lumo Energy Australia Pty Ltd,2024,"161,736",0,"161,736",100.00,Yes,0,"10,512,840 ",No LGCs surrendered for refund
MAXIMUM ENERGY RETAIL PTY LTD,2024,"2,462",0,"2,462",100.00,Yes,0,"160,030 ",No LGCs surrendered for refund
Red Energy Pty. Limited,2024,"1,528,119","693,418","834,701",54.62,Yes,0,"54,255,565 ",No LGCs surrendered for refund
AMBER ELECTRIC PTY LTD,2025,"61,176","56,216","4,960",8.10,No,0,0 ,Carried forward shortfall
Aurora Energy Pty Ltd,2025,"714,825","126,597","588,228",82.28,Yes,0,"38,234,820 ",No LGCs surrendered for refund
Change Energy Pty LTd,2025,"33,571","32,710",861,2.56,No,0,0 ,Carried forward shortfall
CleanCo Queensland Limited,2025,"623,661","561,495","62,166",9.96,No,0,0 ,Carried forward shortfall
CovaU Pty Limited,2025,"78,008","70,293","7,715",9.89,No,0,0 ,Carried forward shortfall
GENUITY RETAIL PTY LTD,2025,"139,913","132,334","7,579",5.41,No,0,0 ,Carried forward shortfall
Lumo Energy (SA) Pty Ltd,2025,"56,484",0,"56,484",100.00,Yes,0,"3,671,460 ",No LGCs surrendered for refund
Lumo Energy Australia Pty Ltd,2025,"174,117",0,"174,117",100.00,Yes,0,"11,317,605 ",No LGCs surrendered for refund
Momentum Energy Pty Limited,2025,"751,125","691,035","60,090",8.00,No,0,0 ,Carried forward shortfall
Next Business Energy Pty Ltd,2025,"143,768","130,500","13,268",9.22,No,0,0 ,Carried forward shortfall
PACIFIC BLUE RETAIL PTY LTD,2025,"217,042","195,989","21,053",9.69,No,0,0 ,Carried forward shortfall
Perdaman Energy Retail Pty Ltd,2025,"7,009","6,866",143,2.04,No,0,0 ,Carried forward shortfall
Red Energy Pty. Limited,2025,"1,549,666","591,281","958,385",61.84,Yes,0,"62,295,025 ",No LGCs surrendered for refund
Sumo Power Pty Ltd,2025,"93,022","85,007","8,015",8.61,No,0,0 ,Carried forward shortfall
ZEN ENERGY RETAIL PTY LTD,2025,"225,921","225,831",90,0.03,No,0,0 ,Carried forward shortfall