id,jurisdiction,granting_body,recipient_id,site_id,incentive_type,instrument,amount_aud,start_date,end_date,conditions,conditionality_score,domestic_compute_allocation,disclosed,notes,fact_status,source_id,confidence,as_of_date
1,NSW,NSW Government (DPHI / Treasury),,,fast_track_approval,NSW Data Centre Guidelines (17 August 2026),,2026-08-17,,"Compliance with six principles and 17 performance measures: dPUE <=1.25 with dWUE <=1.0 (potable) or <=1.6 (non-potable), or dPUE <=1.3 with dWUE <=0.4; 100% recycled water for water-intensive cooling; NSW Clean Air Group 6 limits for diesel generators; 25% demand reduction for up to two hours without using diesel back-up; PPAs meeting wind, storage, ten-year and pre-FID additionality tests; benefit-sharing; local content; training and skills.",5,0,1,"The 'incentive' is a 75-day assessment commitment. The Guidelines set no penalties for non-compliance; the Treasurer's stated sanction is the risk of refusal. This is the closest Australian instrument to the conditionality model the Observatory recommends, though it stops short of reserving domestic compute.",VERIFIED,SRC_NSWGUIDE26,high,2026-08-17
2,NSW,NSW Government,,,other,NSW data centre approvals authority (launched 2025),,2025-09,,"Eligibility: project value above A$1bn, primarily non-residential and data-centre related.",1,0,1,An approvals-facilitation body rather than a financial subsidy. Its existence is a form of in-kind state support and should be counted in any subsidy register.,REPORTED,SRC_PINSENT,medium,2026-09-18
3,VIC,"Victorian Government (DJSIR, DEECA, DTP, DGS)",,,co_funded_infrastructure,Sustainable Data Centre Action Plan (A$5.5m),5500000.0,2026-05,,"Whole-of-government coordination across land, energy, water and workforce; not an operator subsidy.",2,0,1,"Victoria frames a potential pipeline of more than $25bn. Separately, a fast-track process is reported to reduce approvals to about three months, and the Clean Energy Council records $51.9bn of Victorian data centre investment being fast-tracked as priority projects.",VERIFIED,SRC_VICPLAN,high,2026-08-03
4,Commonwealth,Australian Government (DISR),,,fast_track_approval,Expectations of data centres and AI infrastructure developers (23 March 2026),,2026-03-23,,"Five expectations: national interest and cyber security; clean energy additionality and cost coverage plus grid security contributions; sustainable water use including non-potable and circular water; Australian jobs, apprenticeships and training; and support for start-ups, researchers and not-for-profits to access compute on favourable terms.",4,1,1,Not legally binding. Aligned proponents are 'more likely to receive priority consideration through Commonwealth regulatory processes'. Expectation 5.1 is the only Australian instrument that already requires a form of domestic compute allocation - it is voluntary and unquantified.,VERIFIED,SRC_BIRD,high,2026-04-08
5,All,State revenue offices,,,alleged,payroll tax / land tax / stamp duty concessions (unverified),,,,,0,0,0,"AUDIT REQUIRED - strategy now drafted. The industry body Data Centres Australia asserts that data centres pay all standard taxes and receive no special concessions. No primary revenue-office evidence either way has been located. Five FOI request templates are drafted at reports/RG007_foi_strategy.md, framed to seek policy instruments and aggregate counts rather than named taxpayer assessments so that they are arguably releasable. Four free parallel routes are identified that should be worked first, of which the NSW Legislative Council inquiry record is the most promising. A documented negative will be recorded as incentive_type 'none_found' with fact_status VERIFIED and published as a finding that settles the question in the sector's favour.",GAP,SRC_GIPA_IPC,low,2026-09-18
6,NSW,Investment Delivery Authority (Investment NSW),,,fast_track_approval,IDA Round 1 endorsement (27 March 2026),,2026-03-27,,"Endorsement is a gateway to coordinated government support, not a cash grant. Round 1 endorsed 15 data centre projects worth $51.9bn and 14 energy projects worth $34bn. The IDA declined to endorse around $40.7bn of data centre and technology proposals it considered premature or overly speculative. One endorsed data centre project is withheld from publication for commercial sensitivity.",2,0,1,"THIS IS THE SUBSIDY THAT IS ACTUALLY DOCUMENTED IN AUSTRALIA: state-facilitated coordination and endorsement, publicly named, with a published rejection rate. It is not a tax concession. It should be read together with the NSW Data Centre Guidelines' 75-day assessment pathway (17 August 2026), which attaches 17 performance measures, and with the Penrith VPA below, which runs money the other way - from the developer to the council.",VERIFIED,SRC_NSW_IDA,high,2026-09-18
7,NSW,Penrith City Council,ENT_MSFT_DC_AU,SITE_MSFT_KEMPS,other,"Voluntary Planning Agreement under the Environmental Planning and Assessment Act 1979, executed 7 June 2023",,2023-06-07,,"Monetary contributions from Microsoft Datacenter (Australia) Pty Ltd to Penrith City Council to support delivery of infrastructure including open space and landscaping embellishment within the Mamre Road Precinct, in connection with the future development of a data centre at Lot 2 DP 1271142, 769 Mamre Road, Kemps Creek.",4,0,1,"RECORD THIS AS A CONTRIBUTION, NOT A SUBSIDY - money flows from the developer to the council. It is the mechanism by which a hyperscaler pays for local public infrastructure in NSW, and it is separate from both state tax concessions and from EP&A Act local and state infrastructure contributions. The executed agreement and explanatory note are published by the council; the contribution amount must be read from them (research gap RG-025). The NSW Data Centre Guidelines separately encourage benefit-sharing with host communities as Principle 4, and state that such arrangements sit outside the development assessment process.",VERIFIED,SRC_PENRITH_VPA,high,2026-09-18
8,VIC,Minister for Planning (Victoria),,,fast_track_approval,"Development Facilitation Program, Part 9A Planning and Environment Act 1987 (Vic)",,,,"None. Eligibility is a construction-cost threshold only: above $10m in regional Victoria or $20m in metropolitan Melbourne. There is no performance measure, no efficiency standard, no water standard, no renewable procurement requirement, no community benefit requirement and no local content or training requirement attached to access.",0,0,1,"RECORD THIS AS THE LOWEST-CONDITIONALITY FAST TRACK IN AUSTRALIA, conditionality score 0 of 5, against 5 of 5 for the NSW Guidelines pathway. What the proponent gets: ministerial determination, council bypassed, the Minister able to waive or vary planning scheme requirements, no VCAT merits appeal for anyone, and no review rights over permit conditions. What the community keeps: judicial review on jurisdictional error, procedural fairness or legal unreasonableness only. The measured effect at NEXTDC M3 West Footscray is objections falling from more than 80 to 5 when the pathway changed. Victoria's Sustainable Data Centre Action Plan expressly supports data centre access to the DFP, so this is deliberate policy rather than incidental.",REPORTED,SRC_GADENS_VIC,high,2026-09-18
9,NSW,"NSW Department of Planning, Housing and Infrastructure",,,other,NSW Data Centre Guidelines Section 3 service commitments,,2026-08-17,,"Available to projects that address the six principles. No fee, no cash, no tax relief. The benefit is departmental labour: a concierge function, pre-assessment support beginning before site selection, SEARs within two months, DA assessment within 75 days, and dedicated post-consent staff.",5,0,1,"Recorded separately from the 75-day fast track because it is a distinct and larger in-kind transfer: dedicated public servants assigned to a single sector, available BEFORE the proponent has chosen a site. Pre-assessment support that begins before site selection is the most consequential element, because site selection is where every downstream environmental and community outcome is determined, and the Guidelines themselves say fewer complexities arise on brownfield sites away from sensitive receivers. A concierge function shaping site selection is influence at the only point where it is decisive. It is also entirely invisible in any subsidy register that counts only cash, which is why this database counts in-kind support.",VERIFIED,SRC_NSWGUIDE_S3,high,2026-09-18
