jurisdiction,granting_body,recipient,site,incentive_type,instrument,amount_aud,conditions,conditionality_score,domestic_compute_allocation,disclosed,fact_status,source_id
All,State revenue offices,,,alleged,payroll tax / land tax / stamp duty concessions (unverified),,,0,0,0,GAP,SRC_GIPA_IPC
Commonwealth,Australian Government (DISR),,,fast_track_approval,Expectations of data centres and AI infrastructure developers (23 March 2026),,"Five expectations: national interest and cyber security; clean energy additionality and cost coverage plus grid security contributions; sustainable water use including non-potable and circular water; Australian jobs, apprenticeships and training; and support for start-ups, researchers and not-for-profits to access compute on favourable terms.",4,1,1,VERIFIED,SRC_BIRD
NSW,NSW Government (DPHI / Treasury),,,fast_track_approval,NSW Data Centre Guidelines (17 August 2026),,"Compliance with six principles and 17 performance measures: dPUE <=1.25 with dWUE <=1.0 (potable) or <=1.6 (non-potable), or dPUE <=1.3 with dWUE <=0.4; 100% recycled water for water-intensive cooling; NSW Clean Air Group 6 limits for diesel generators; 25% demand reduction for up to two hours without using diesel back-up; PPAs meeting wind, storage, ten-year and pre-FID additionality tests; benefit-sharing; local content; training and skills.",5,0,1,VERIFIED,SRC_NSWGUIDE26
NSW,Investment Delivery Authority (Investment NSW),,,fast_track_approval,IDA Round 1 endorsement (27 March 2026),,"Endorsement is a gateway to coordinated government support, not a cash grant. Round 1 endorsed 15 data centre projects worth $51.9bn and 14 energy projects worth $34bn. The IDA declined to endorse around $40.7bn of data centre and technology proposals it considered premature or overly speculative. One endorsed data centre project is withheld from publication for commercial sensitivity.",2,0,1,VERIFIED,SRC_NSW_IDA
NSW,NSW Government,,,other,NSW data centre approvals authority (launched 2025),,"Eligibility: project value above A$1bn, primarily non-residential and data-centre related.",1,0,1,REPORTED,SRC_PINSENT
NSW,Penrith City Council,Microsoft Datacentre (Australia) Pty Ltd,Microsoft Kemps Creek Data Centre Campus,other,"Voluntary Planning Agreement under the Environmental Planning and Assessment Act 1979, executed 7 June 2023",,"Monetary contributions from Microsoft Datacenter (Australia) Pty Ltd to Penrith City Council to support delivery of infrastructure including open space and landscaping embellishment within the Mamre Road Precinct, in connection with the future development of a data centre at Lot 2 DP 1271142, 769 Mamre Road, Kemps Creek.",4,0,1,VERIFIED,SRC_PENRITH_VPA
NSW,"NSW Department of Planning, Housing and Infrastructure",,,other,NSW Data Centre Guidelines Section 3 service commitments,,"Available to projects that address the six principles. No fee, no cash, no tax relief. The benefit is departmental labour: a concierge function, pre-assessment support beginning before site selection, SEARs within two months, DA assessment within 75 days, and dedicated post-consent staff.",5,0,1,VERIFIED,SRC_NSWGUIDE_S3
VIC,"Victorian Government (DJSIR, DEECA, DTP, DGS)",,,co_funded_infrastructure,Sustainable Data Centre Action Plan (A$5.5m),5500000.0,"Whole-of-government coordination across land, energy, water and workforce; not an operator subsidy.",2,0,1,VERIFIED,SRC_VICPLAN
VIC,Minister for Planning (Victoria),,,fast_track_approval,"Development Facilitation Program, Part 9A Planning and Environment Act 1987 (Vic)",,"None. Eligibility is a construction-cost threshold only: above $10m in regional Victoria or $20m in metropolitan Melbourne. There is no performance measure, no efficiency standard, no water standard, no renewable procurement requirement, no community benefit requirement and no local content or training requirement attached to access.",0,0,1,REPORTED,SRC_GADENS_VIC
