project,case_id,title,determination_date,date_source,determination_date_portal,determination_authority_portal,file_ref,delegation_of,delegation_executed,signatory_name,signatory_title,applicant,consent_authority,chars,chars_per_kb,reliable,decision_portal,renewable_ppa_additionality,all_times_matching,pue,wue,recycled_or_nonpotable_water,generator_hours_cap,nox_mass_cap,nox_concentration_limit,stack_height,annual_emissions_testing,diesel_storage_cap,installed_genset_cap,total_power_cap,demand_response,battery_storage,website_disclosure,noise_limits,tier_standard,clean_air_regulation,net_zero_or_offsets,guidelines_cited,reliable_note
1-5-khartoum-road-data-centre,SSD-63235720,Signed - SSD Determination Instrument,2026-03-11,instrument:cover:'<date> File:<ref>',2026-03-11,Director,EF23/14121,Minister for Planning and Public Spaces,2022-03-09,Joanna Bakopanos,A/Director / Industry Assessments,Stockland Development Pty Limited,Minister for Planning and Public Spaces,117984,77.5,True,Approved,,3,2,,,200,,,,4,"2,000",84,76.4,2,1,4,13,,3,3,,
43-61-turner-road-data-centre,SSD-68013714,Signed - Determination Instrument,2025-11-21,instrument:cover:'Sydney <date>',2025-11-21,Director,,Minister for Planning and Public Spaces,2022-03-09,Joanna Bakopanos,A/Director / Industry Assessments,ARUP Pty Ltd,Minister for Planning and Public Spaces,106765,68.8,True,Approved,,2,,,,200,,,,,"2,000",74,61.7,2,1,2,11,1,1,2,,
51-huntingwood-drive-data-centre,SSD-41589232,SSD Instrument of Consent,2023-09-15,instrument:cover:'Sydney <date>',2023-09-15,Director,,Minister for Planning and Public Spaces,2022-03-09,Chris Ritchie,Director / Industry Assessments,EMKC Cubed Management Pty Ltd,Minister for Planning and Public Spaces,118570,72.7,True,Approved,,4,,,,200,,,1,,,632,,2,1,2,10,,2,4,,
apollo-place-data-centre,SSD-67407231,SSD-67407231 Instrument of Consent,2025-10-09,instrument:cover:'<date> File:<ref>',2025-10-09,Director,EF24/1723,Minister for Planning and Public Spaces,2022-03-09,Joanna Bakopanos,"A/Director, Industry Assessments",EMKC Cubed Management Pty Ltd,Minister for Planning and Public Spaces,93096,112.0,True,Approved,,3,,,,200,,,,,"2,000",63.8,45,2,,2,14,,1,5,,
davis-rd-data-centre-mod-1-tree-removal-correction,SSD-59416728,Instrument of Consent,2025-08-15,instrument:cover:'<date> File:<ref>',2025-08-15,Team Leader,EF25/10654,Minister for Planning and Public Spaces,2022-03-09,Catriona Shirley,A/Team Leader / Industry Assessments,Cundall Johnston and Partners Pty Ltd,Minister for Planning and Public Spaces,4398,28.2,True,Approved,,,,,,,,,,,,,160.85,,,,,,,,,
davis-road-data-centre-cundall,SSD-59416728,SIGNED Determination Instrument - Davis Road Data Centre,2024-12-20,instrument:cover:'<date> File:<ref>',2024-12-20,Director,EF23/7568,Minister for Planning and Public Spaces,2022-03-09,Joanna Bakopanos,A/Director / Industry Assessments,Cundall Johnston and Partners Pty Ltd,Minister for Planning and Public Spaces,96588,74.6,True,Approved,,2,,,,200,,,,,,181.92,160.85,1,,2,10,,1,4,,
dci-poplars-data-centre-project-0,SSD-64287712,DCI Poplars - Instrument of Consent,2025-11-06,instrument:cover:'<date> File:<ref>',2025-11-06,Director,EF23/15259,Minister for Planning and Public Spaces,2022-03-09,Joanna Bakopanos,A/Director / Industry Assessments,The Trustee for NineZero DC Sub Trust I,Minister for Planning and Public Spaces,76914,50.2,True,Approved,,4,1,,,200,,,,,"2,000",35,25.4,2,1,1,12,,1,1,,
dicker-data-warehouse-and-distribution-centre,SSD8662,SSD 8662 - Development Consent,2019-04-12,portal-node-metadata,2019-04-12,Executive Director,DOC18/721211,Minister for Planning,2017-10-11,Anthea Sargeant,Executive Director / Key Sites and Industry Assessments,Dicker Data Limited,Minister for Planning,67262,27.9,True,Approved,,2,,,,,,,,,,,,,,3,1,,,1,,
digico-syd1-data-centre-expansion,SSD-69637456,Signed - SSD Instrument of Consent,2025-12-23,instrument:cover:'Sydney <date>',2025-12-23,Executive Director,,Minister for Planning and Public Spaces,2022-03-09,Chris Ritchie,"Executive Director / Energy, Resources and Industry Assessments",HDI SYD1 Property Holdings Limited,Minister for Planning and Public Spaces,109253,157.0,True,Approved,,1,1,1,1,200,,,,,"2,000",140.4,,2,,2,13,,1,6,,
glendenning-road-data-centre,SSD-73761707,Signed - SSD Instrument of Consent,2026-09-14,instrument:cover:'<date> File:<ref>',2026-09-16,Director,EF24/10658,Minister for Planning and Public Spaces,2026-08-18,Joanna Bakopanos,A/Director / Industry Assessments,Lehr Consultants International (Australia) Pty Ltd,Minister for Planning and Public Spaces,94547,44.6,True,Approved,3,4,3,3,3,170,1,,1,4,"2,000",267.45,235,4,1,5,16,,1,5,,
grand-avenue-data-centre-expansion-rosehill,SSD-53338465,SSD- 53338465 Instrument of Consent,2024-12-16,instrument:cover:'<date> File:<ref>',2024-12-16,Director,EF23/341,Minister for Planning and Public Spaces,2022-03-09,Joanna Bakopanos,A/Director / Industry Assessments,Equinix Hyperscale 2 (SY10) Pty Limited,Minister for Planning and Public Spaces,97075,74.4,True,Approved,1,3,,,1,200,,,,,,53.2,,1,,2,8,,1,1,,
lane-cove-west-data-centre,SSD-9741,SSD-9741 - Development Consent - Signed_s,2019-11-15,portal-node-metadata,2019-11-15,Executive Director,EF19/4251,Minister for Planning and Public Spaces,2017-10-11,Anthea Sargeant,"Executive Director / Compliance, Industry and Key Sites",Greenbox Architecture Pty Ltd,Minister for Planning and Public Spaces,89589,66.5,True,Approved,,4,,,,,,,,,"2,000",,,,,1,10,,,5,,
macquarie-park-data-centre,SSD-10467,Development Consent - Signed,2021-05-28,instrument:cover:'<date> File:<ref>',2021-05-28,Director,EF20/22600,Minister for Planning and Public Spaces,2021-04-26,Chris Ritchie,Director / Industry Assessments,Stockland Trust Management Limited,Minister for Planning and Public Spaces,112203,90.6,True,Approved,supply,3,1,,,200,,,,,"2,000",,,1,,1,10,,,4,,
nextdc-s4-data-centre-horsley-park,SSD-63741210,Signed - SSD Instrument of Consent,2025-12-24,instrument:cover:'Sydney <date>',2025-12-24,Executive Director,,Minister for Planning and Public Spaces,2022-03-09,Chris Ritchie,"Executive Director / Energy, Resources and Industry Assessments",NEXTDC Limited,Minister for Planning and Public Spaces,134840,81.1,True,Approved,,3,,,,200,1,,1,4,"4,472",360,294,2,1,2,15,1,1,2,,
project-apollo-data-centre-macquarie-park,SSD-74069708,Project Apollo DC - Development Consent,2026-09-02,instrument:cover:'<date> File:<ref>',2026-09-02,Director,EF24/11318,Minister for Planning and Public Spaces,2026-08-18,Joanna Bakopanos,Acting Director / Industry Assessments,Goodman Property Services (Aust) Pty Limited,Minister for Planning and Public Spaces,106584,61.7,True,Approved,3,4,3,3,4,187,,,,4,"2,000",185,135,4,1,5,14,,1,2,,
project-echidna-data-centre-eastern-creek,SSD-47320208,Signed SSD Determination Instrument,2024-04-05,instrument:cover:'Sydney <date>',2024-04-05,Executive Director,,NSW Independent Planning Commission (the Commission),2022-06-14,Chris Ritchie,"A/Executive Director / Energy, Resources and Industry Assessments",ARUP Australia Pty Ltd,NSW Independent Planning Commission,108211,116.7,True,Approved,,2,,,,200,,,,,,53.2,,2,,2,11,,1,2,,
project-pluto-data-centre,SSD-69223466,Signed - SSD Instrument of Consent,2026-07-23,instrument:cover:'<date> File:<ref>',2026-07-23,Director,EF24/4596,Minister for Planning and Public Spaces,2022-03-09,Joanna Bakopanos,A/Director / Industry Assessments,Goodman Property Services (Aust) Pty Ltd,Minister for Planning and Public Spaces,90155,142.9,True,Approved,3,4,3,3,3,173,,,,4,"2,000",170,100,4,1,5,13,,1,5,,
roberts-road-data-centre,SSD-10330,SSD-10330 - Development Consent,2020-07-14,instrument:cover:'<date> File:<ref>',2020-07-14,Executive Director,EF19/17436,Minister for Planning and Public Spaces,2020-03-09,Anthea Sargeant,"Executive Director / Regions, Industry and Key Sites",Canberra Data Centres Pty Ltd,Minister for Planning and Public Spaces,80263,80.6,True,Approved,,3,,,,200,,,,3,"2,000",170,,1,,1,14,,,6,,
station-road-data-centre-expansion,SSD-33781208,Development Consent,2022-12-16,instrument:cover:'<date> File:<ref>',2022-12-16,Director,EF21/18706,Minister for Planning,2022-03-09,Chris Ritchie,Director / Industry Assessments,Lehr Consultants International (Australia) Pty Ltd,Minister for Planning,79513,68.1,True,Approved,,4,,,,200,,,,,"2,000",,,2,,1,11,,1,2,,
talavera-road-data-centre-campus-expansion,SSD-24299707,SSD Recommended Instrument of Consent Talavera Rd DC,2024-01-19,portal-node-metadata,2024-01-19,IPC-N,EF21/10619,"Independent Planning Commission - declared consent authority under clause 8A of State 
Environmental Planning Policy (State and Region",,[Name of Commissioner],,Macquarie Data Centres Pty Ltd,Independent Planning Commission,94999,62.7,True,Approved,,4,,,,200,,,,,"2,000",,,2,,1,9,,1,1,,
