operator,entity_id,year,published_name,scope1_t,scope2_t,net_energy_gj,n_published_rows,all_published_names
AirTrunk,ENT_AIRTRUNK,2019-20,AIRTRUNK AUSTRALIA HOLDING PTY LTD,132.0,94528.0,397923.0,1,AIRTRUNK AUSTRALIA HOLDING PTY LTD
AirTrunk,ENT_AIRTRUNK,2020-21,AIRTRUNK AUSTRALIA HOLDING PTY LTD,328.0,157174.0,660303.0,1,AIRTRUNK AUSTRALIA HOLDING PTY LTD
AirTrunk,ENT_AIRTRUNK,2021-22,AIRTRUNK AUSTRALIA HOLDING PTY LTD,918.0,257423.0,1106671.0,1,AIRTRUNK AUSTRALIA HOLDING PTY LTD
AirTrunk,ENT_AIRTRUNK,2022-23,AIRTRUNK AUSTRALIA HOLDING PTY LTD,2352.0,348562.0,1643984.0,1,AIRTRUNK AUSTRALIA HOLDING PTY LTD
AirTrunk,ENT_AIRTRUNK,2023-24,AIRTRUNK AUSTRALIA HOLDING PTY LTD,1826.0,450207.0,2275838.0,1,AIRTRUNK AUSTRALIA HOLDING PTY LTD
AirTrunk,ENT_AIRTRUNK,2024-25,AIRTRUNK AUSTRALIA HOLDING PTY LTD,4165.0,553344.0,2886668.0,1,AIRTRUNK AUSTRALIA HOLDING PTY LTD
Amazon Web Services,ENT_AWS,2019-20,AMAZON CORPORATE SERVICES PTY LTD,771.0,134104.0,606756.0,1,AMAZON CORPORATE SERVICES PTY LTD
Amazon Web Services,ENT_AWS,2020-21,AMAZON CORPORATE SERVICES PTY LTD,605.0,192062.0,861976.0,1,AMAZON CORPORATE SERVICES PTY LTD
Amazon Web Services,ENT_AWS,2021-22,AMAZON CORPORATE SERVICES PTY LTD,626.0,260583.0,1188419.0,1,AMAZON CORPORATE SERVICES PTY LTD
Amazon Web Services,ENT_AWS,2022-23,AMAZON CORPORATE SERVICES PTY LTD,739.0,305732.0,1507903.0,1,AMAZON CORPORATE SERVICES PTY LTD
Amazon Web Services,ENT_AWS,2023-24,AMAZON CORPORATE SERVICES PTY LTD,583.0,319138.0,1684160.0,1,AMAZON CORPORATE SERVICES PTY LTD
Amazon Web Services,ENT_AWS,2024-25,AMAZON CORPORATE SERVICES PTY LTD,1007.0,405217.0,2207911.0,1,AMAZON CORPORATE SERVICES PTY LTD
CDC Data Centres,ENT_CDC,2020-21,CDC GROUP HOLDINGS PTY LTD,163.0,150136.0,669621.0,1,CDC GROUP HOLDINGS PTY LTD
CDC Data Centres,ENT_CDC,2021-22,CDC GROUP HOLDINGS PTY LTD,171.0,187397.0,856414.0,1,CDC GROUP HOLDINGS PTY LTD
CDC Data Centres,ENT_CDC,2022-23,CDC GROUP HOLDINGS PTY LTD,199.0,212744.0,1052002.0,1,CDC GROUP HOLDINGS PTY LTD
CDC Data Centres,ENT_CDC,2023-24,CDC GROUP HOLDINGS PTY LTD,301.0,257540.0,1367770.0,1,CDC GROUP HOLDINGS PTY LTD
CDC Data Centres,ENT_CDC,2024-25,CDC GROUP HOLDINGS PTY LTD,215.0,317465.0,1729124.0,1,CDC GROUP HOLDINGS PTY LTD
Equinix,ENT_EQUINIX,2019-20,EQUINIX AUSTRALIA PTY LIMITED,1198.0,297414.0,1271291.0,1,EQUINIX AUSTRALIA PTY LIMITED
Equinix,ENT_EQUINIX,2020-21,EQUINIX AUSTRALIA PTY LIMITED,969.0,299083.0,1283804.0,1,EQUINIX AUSTRALIA PTY LIMITED
Equinix,ENT_EQUINIX,2021-22,EQUINIX AUSTRALIA PTY LIMITED,826.0,309100.0,1359210.0,1,EQUINIX AUSTRALIA PTY LIMITED
Equinix,ENT_EQUINIX,2022-23,EQUINIX AUSTRALIA PTY LIMITED,1106.0,286428.0,1392552.0,1,EQUINIX AUSTRALIA PTY LIMITED
Equinix,ENT_EQUINIX,2023-24,EQUINIX AUSTRALIA PTY LIMITED,799.0,279218.0,1449889.0,1,EQUINIX AUSTRALIA PTY LIMITED
Equinix,ENT_EQUINIX,2024-25,EQUINIX AUSTRALIA PTY LIMITED,1869.0,288374.0,1557358.0,1,EQUINIX AUSTRALIA PTY LIMITED
Fujitsu Australia,,2019-20,FUJITSU AUSTRALIA LTD,998.0,120615.0,544228.0,1,FUJITSU AUSTRALIA LTD
Fujitsu Australia,,2020-21,FUJITSU AUSTRALIA LTD,1800.0,110062.0,497544.0,1,FUJITSU AUSTRALIA LTD
Fujitsu Australia,,2021-22,FUJITSU AUSTRALIA LTD,1701.0,89327.0,410739.0,1,FUJITSU AUSTRALIA LTD
Fujitsu Australia,,2022-23,FUJITSU AUSTRALIA LTD,1668.0,68576.0,349474.0,1,FUJITSU AUSTRALIA LTD
Fujitsu Australia,,2023-24,FUJITSU AUSTRALIA LTD,1638.0,59805.0,322918.0,1,FUJITSU AUSTRALIA LTD
Fujitsu Australia,,2024-25,FUJITSU AUSTRALIA LTD,1653.0,55228.0,305245.0,1,FUJITSU AUSTRALIA LTD
Global Switch Australia,,2019-20,GLOBAL SWITCH AUSTRALIA PTY LIMITED,92.0,137617.0,612953.0,1,GLOBAL SWITCH AUSTRALIA PTY LIMITED
Global Switch Australia,,2020-21,GLOBAL SWITCH AUSTRALIA PTY LIMITED,85.0,129503.0,576792.0,1,GLOBAL SWITCH AUSTRALIA PTY LIMITED
Global Switch Australia,,2021-22,GLOBAL SWITCH AUSTRALIA PTY LIMITED,211.0,119619.0,548110.0,1,GLOBAL SWITCH AUSTRALIA PTY LIMITED
Global Switch Australia,,2022-23,GLOBAL SWITCH AUSTRALIA HOLDINGS PTY LIMITED,184.0,94827.0,470265.0,1,GLOBAL SWITCH AUSTRALIA HOLDINGS PTY LIMITED
Global Switch Australia,,2023-24,GLOBAL SWITCH AUSTRALIA HOLDINGS PTY LIMITED,311.0,78961.0,422466.0,1,GLOBAL SWITCH AUSTRALIA HOLDINGS PTY LIMITED
NEXTDC,ENT_NEXTDC,2019-20,NEXTDC LIMITED,433.0,218605.0,906422.0,1,NEXTDC LIMITED
NEXTDC,ENT_NEXTDC,2020-21,NEXTDC LIMITED,663.0,293797.0,1257868.0,1,NEXTDC LIMITED
NEXTDC,ENT_NEXTDC,2021-22,NEXTDC LIMITED,1289.0,350049.0,1536358.0,1,NEXTDC LIMITED
NEXTDC,ENT_NEXTDC,2022-23,NEXTDC LIMITED,923.0,348765.0,1689015.0,1,NEXTDC LIMITED
NEXTDC,ENT_NEXTDC,2023-24,NEXTDC LIMITED,1614.0,335627.0,1744228.0,1,NEXTDC LIMITED
NEXTDC,ENT_NEXTDC,2024-25,NEXTDC LIMITED,7919.0,358353.0,1971147.0,1,NEXTDC LIMITED
Telstra,ENT_TELSTRA,2019-20,TELSTRA CORPORATION LIMITED,36019.0,1140573.0,5593779.0,1,TELSTRA CORPORATION LIMITED
Telstra,ENT_TELSTRA,2020-21,TELSTRA CORPORATION LIMITED,32815.0,1080491.0,5358340.0,1,TELSTRA CORPORATION LIMITED
Telstra,ENT_TELSTRA,2021-22,TELSTRA CORPORATION LIMITED,31543.0,1040346.0,5284566.0,1,TELSTRA CORPORATION LIMITED
Telstra,ENT_TELSTRA,2022-23,TELSTRA GROUP LIMITED,30465.0,856726.0,4933447.0,1,TELSTRA GROUP LIMITED
Telstra,ENT_TELSTRA,2023-24,TELSTRA GROUP LIMITED,32771.0,757967.0,4657693.0,1,TELSTRA GROUP LIMITED
Telstra,ENT_TELSTRA,2024-25,TELSTRA GROUP LIMITED,31422.0,677664.0,4310554.0,1,TELSTRA GROUP LIMITED
