Organisation name,Identifying details,Total scope 1 emissions (t CO2-e),Total scope 2 emissions (t CO2-e),Net energy consumed (GJ),Important notes
AGL ENERGY LIMITED,74 115 061 375,"32,911,665","264,424","254,251,076",-
STANWELL CORPORATION LIMITED,37 078 848 674,"17,865,749","52,790","129,391,568",-
ENERGYAUSTRALIA HOLDINGS LIMITED,57 101 876 135,"16,473,489","198,921","132,020,290",-
ORIGIN ENERGY LIMITED,30 000 051 696,"15,563,946","2,200,940","136,297,764",-
CHEVRON AUSTRALIA HOLDINGS PTY LTD,60 098 079 344,"12,928,601","1,863","141,585,993",-
PIONEER SAIL HOLDINGS PTY LIMITED,45 617 844 569,"10,333,400","7,149","83,784,882",-
C S ENERGY LIMITED,54 078 848 745,"9,200,731","38,117","66,369,053","Please note that where more than one person has operational control over a facility at the same time and no nomination of operational control has been made, data for the facility for the entire period must be reported by the controlling corporation of each entity with operational control. This results in the same facility being reported multiple times.
C S ENERGY LIMITED and GENUITY PTY LTD, have each included the same data for the Callide C Power Station in their NGER reports. For further information refer to the 2023–24 Greenhouse and energy information for designated generation facilities."
WOODSIDE ENERGY GROUP LTD,55 004 898 962,"8,421,985","5,330","132,572,647",-
RIO TINTO LIMITED,96 004 458 404,"7,564,804","7,075,886","148,703,367",-
SEV.EN GLOBAL INVESTMENTS PTY LTD,52 661 272 233,"7,056,948","74,809","48,154,210",-
INPEX HOLDINGS AUSTRALIA PTY LTD,61 150 217 315,"6,698,961",619,"70,839,801",-
NRG VICTORIA I PTY LTD,26 076 286 578,"6,492,467","46,061","49,134,660",-
GLENCORE HOLDINGS PTY LIMITED,41 104 160 689,"6,315,820","1,365,518","57,435,913",-
BLUESCOPE STEEL LIMITED,16 000 011 058,"6,131,585","806,487","72,068,451",-
SOUTH32 LIMITED,84 093 732 597,"5,697,621","308,477","52,786,134",-
GENUITY PTY LTD,34 128 655 096,"5,613,762","15,890","43,032,572","Please note that where more than one person has operational control over a facility at the same time and no nomination of operational control has been made, data for the facility for the entire period must be reported by the controlling corporation of each entity with operational control. This results in the same facility being reported multiple times.
C S ENERGY LIMITED and GENUITY PTY LTD, have each included the same data for the Callide C Power Station in their NGER reports. For further information refer to the 2023–24 Greenhouse and energy information for designated generation facilities."
ALCOA AUSTRALIAN HOLDINGS PTY LTD,33 096 987 370,"5,607,995","3,203,337","113,462,523",-
ELECTRICITY GENERATION AND RETAIL CORPORATION,58 673 830 106,"5,362,016","10,078","47,612,838",-
QANTAS AIRWAYS LIMITED,16 009 661 901,"4,528,002","59,740","67,075,807",-
SANTOS LIMITED,80 007 550 923,"4,233,840","733,963","44,335,175",-
ANGLO AMERICAN AUSTRALIA LIMITED,47 004 892 371,"4,174,693","632,607","18,168,931",-
BHP GROUP LIMITED,49 004 028 077,"3,698,759","1,314,290","67,483,659",-
RTA HOLDCO AUSTRALIA 5 PTY LTD,38 128 785 599,"3,094,142","555,600","40,715,757",-
BM ALLIANCE COAL OPERATIONS PTY LIMITED,67 096 412 752,"3,084,445","821,714","32,817,505",-
YANCOAL AUSTRALIA LTD,82 111 859 119,"2,625,260","346,491","19,460,179",-
CEMENT AUSTRALIA HOLDINGS PTY LTD,99 001 085 561,"2,571,989","184,380","13,151,601",-
LIBERTY PRIMARY METALS AUSTRALIA PTY LTD,29 631 112 573,"2,425,797","164,165","18,436,308",-
CONOCOPHILLIPS AUSTRALIA OPERATIONS PTY LTD,28 141 253 787,"2,120,644",368,"39,646,117",-
VIRGIN AUSTRALIA HOLDINGS LIMITED,54 100 686 226,"2,103,081","7,702","29,998,384",-
SHELL ENERGY HOLDINGS AUSTRALIA LIMITED,69 054 260 776,"2,030,133","6,280","24,563,543",-
FORTESCUE LTD,57 002 594 872,"2,002,222","513,963","33,272,914",-
QGC MIDSTREAM INVESTMENTS PTY LTD,77 130 857 215,"1,936,241",0,"35,997,306",-
APA INFRASTRUCTURE LIMITED,89 009 666 700,"1,905,318","141,845","24,781,469",-
ADBRI PTY LIMITED,15 007 596 018,"1,756,827","131,022","12,356,180",-
PEABODY AUSTRALIA HOLDCO PTY LTD,61 154 820 130,"1,735,165","165,265","8,437,782",-
GLNG OPERATIONS PTY LTD,66 132 321 192,"1,645,894",340,"28,366,523",-
CK WILLIAM AUSTRALIA HOLDINGS PTY LTD,14 613 690 243,"1,520,899","257,729","20,195,397",-
EXXONMOBIL AUSTRALIA PTY LTD,48 091 561 198,"1,506,654","27,373","19,416,276",-
YARA AUSTRALIA PTY LTD,77 076 301 221,"1,367,287","14,367","26,766,075",-
BLUEWATERS POWER 1 PTY LTD,93 106 034 879,"1,352,311",900,"9,117,339",-
SGH LIMITED,46 142 003 469,"1,281,444","258,079","10,171,480",-
BLUEWATERS POWER 2 PTY LTD,57 122 896 968,"1,238,252","1,835","8,413,923",-
WHITEHAVEN COAL LIMITED,68 124 425 396,"1,228,004","137,673","8,788,744",-
KESTREL COAL GROUP PTY LTD,70 624 655 518,"1,223,730","160,284","6,337,899",-
PECHINEY CONSOLIDATED AUSTRALIA PTY LIMITED,39 076 569 769,"1,159,663","5,649,626","40,365,255",-
CITIC PACIFIC MINING MANAGEMENT PTY LTD,64 119 578 371,"1,111,621",146,"20,476,950",-
VIVA ENERGY GROUP LIMITED,74 626 661 032,"1,073,592","323,815","13,634,362",-
CLEANAWAY WASTE MANAGEMENT LIMITED,74 101 155 220,"1,069,528","51,970","6,168,172",-
BANPU AUSTRALIA CO. PTY LTD,56 136 468 007,"998,465","206,034","1,703,146",-
STANMORE RESOURCES LIMITED,27 131 920 968,"997,048","111,075","8,211,368",-
VEOLIA HOLDINGS AUSTRALIA PTY LTD,82 663 593 093,"981,703","192,838","5,374,471",-
ORICA LIMITED,24 004 145 868,"938,397","141,207","15,783,816",-
QGC UPSTREAM INVESTMENTS PTY LTD,86 131 104 651,"929,217","2,322,456","25,492,265",-
QCOAL PTY LTD,99 010 911 234,"914,814","82,226","5,779,020",-
POWER GENERATION CORPORATION,72 687 980 755,"910,160",121,"12,693,132",-
CORONADO AUSTRALIA HOLDINGS PTY LTD,23 623 524 989,"909,444","169,352","6,829,882",-
TRANSALTA ENERGY (AUSTRALIA) PTY LTD,40 062 135 844,"902,110",45,"11,662,559",-
INCITEC PIVOT LIMITED,42 004 080 264,"900,402","50,998","16,724,582",-
WESFARMERS LIMITED,28 008 984 049,"826,977","485,184","18,290,838",-
INTERNATIONAL POWER (AUSTRALIA) HOLDINGS PTY LIMITED,70 105 041 209,"783,392","3,646","9,166,773",-
AUSTRALIAN LOGISTICS ACQUISITION HOLDINGS PTY LIMITED,28 611 628 909,"770,634","80,840","11,400,024",-
NEWGEN KWINANA HOLDINGS PTY LTD,68 116 576 955,"755,148",650,"8,302,190",-
NORTHERN STAR RESOURCES LTD,43 092 832 892,"750,285","291,511","14,070,927",-
FITZROY (CQ) PTY LTD,61 103 902 389,"744,268","59,360","1,746,907",-
TRONOX LIMITED,91 153 348 111,"730,412","140,969","11,815,033",-
AMPOL LIMITED,40 004 201 307,"725,761","215,043","11,729,108",-
MINERAL RESOURCES LIMITED,33 118 549 910,"704,979","11,055","10,798,190",-
SGSP (AUSTRALIA) ASSETS PTY LTD,60 126 327 624,"694,821","199,121","7,125,357",-
HANCOCK PROSPECTING PTY LIMITED,69 008 676 417,"677,738","270,170","11,820,025",-
ADANI MINING PTY LTD,27 145 455 205,"675,247",204,"3,494,395",-
NEW HOPE CORPORATION LIMITED,38 010 653 844,"667,497","60,641","3,897,920",-
PRATT CONSOLIDATED HOLDINGS PTY. LTD.,43 104 958 581,"666,826","891,429","26,715,525",-
AURIZON HOLDINGS LIMITED,14 146 335 622,"662,797","283,225","10,835,054",-
ANGLOGOLD INVESTMENTS AUSTRALIA PTY LTD,48 090 112 459,"472,548",109,"8,219,042",-
NYRSTAR AUSTRALIA PTY LTD,46 124 535 468,"462,019","172,062","10,631,243",-
BEACH ENERGY LIMITED,20 007 617 969,"451,348","17,726","6,768,556",-
NEWMONT INTERNATIONAL HOLDINGS PTY LTD,53 667 812 642,"446,545","817,370","11,920,221",-
GOLD FIELDS AUSTRALIA PTY LIMITED,91 098 385 285,"444,476","119,539","8,859,868",-
NEWMONT AUSTRALIA PTY LTD,95 099 040 507,"439,913","484,072","10,434,553",-
CAJOSA PTY LTD,73 002 724 021,"400,456","217,717","7,785,414",-
QUBE HOLDINGS LIMITED,14 149 723 053,"382,811","20,465","5,580,329",-
WOOLWORTHS GROUP LIMITED,88 000 014 675,"378,135","1,266,614","8,534,725",-
ARROW ENERGY HOLDINGS PTY LTD,94 141 385 293,"369,997","13,282","5,616,290",-
ILUKA RESOURCES LIMITED,34 008 675 018,"364,539","81,108","8,626,612",-
JELLINBAH GROUP PTY LTD,54 010 754 793,"364,464","10,934","2,629,938",-
PAPER AUSTRALIA PTY LTD,63 061 583 533,"356,383","317,147","12,459,464",-
WOLLONGONG COAL LIMITED,28 111 244 896,"350,847","11,743","80,005",-
RATCH - AUSTRALIA CORPORATION PTY LTD,31 106 617 332,"339,812","7,267","4,386,853",-
QENOS HOLDINGS PTY LTD,62 086 026 968,"324,441","39,378","11,371,848",-
REMONDIS AUSTRALIA PTY LTD,95 002 429 781,"286,840","3,035","510,595",-
HEIDELBERG MATERIALS AUSTRALIA GROUP HOLDINGS PTY LTD,48 090 994 657,"276,342","49,727","3,090,784",-
VAULT MINERALS LIMITED,73 068 647 610,"274,452",35,"4,746,974",-
BAYBRICK PTY. LTD.,97 067 220 017,"269,598","231,010","4,105,986",-
QMETCO LIMITED,98 008 124 025,"265,558","12,045","2,416,301",-
LIBERTY HOLDINGS AUSTRALIA LTD,16 627 011 938,"256,901","675,850","7,396,019",-
THUNGELA RESOURCES AUSTRALIA PTY LIMITED,97 665 159 759,"254,227","46,442","682,527",-
CLEANCO QUEENSLAND LIMITED,85 628 008 159,"254,126","691,141","6,306,595",-
AUSTRALIAN GAS NETWORKS HOLDINGS PTY LIMITED,24 169 818 026,"252,446",307,"1,239,439",-
CSR LIMITED,90 000 001 276,"252,351","149,458","5,228,174",-
DBNGP (WA) TRANSMISSION PTY LIMITED,69 081 609 190,"250,025","1,552","4,151,710",-
KELSIAN GROUP LIMITED,49 109 078 257,"249,233","10,989","3,671,417",-
QMAG PTY LIMITED,68 111 279 906,"247,973","48,988","1,590,717",-
MELBOURNE WATER CORPORATION,81 945 386 953,"246,344","149,115","1,950,576",-
A.C.N. 630 698 716 PTY LTD,18 630 698 716,"246,321","23,205","1,466,123",-
COLES GROUP LIMITED,11 004 089 936,"245,658","1,040,441","6,604,853",-
REGIONAL EXPRESS HOLDINGS LIMITED,18 099 547 270,"243,723","1,432","3,480,758",-
ALLIANCE AVIATION SERVICES LIMITED,96 153 361 525,"235,115","1,088","3,356,601",-
AUSTRALIAN PARCELS GROUP PTY LTD,21 649 001 409,"231,984","21,231","3,442,277",-
GRANGE RESOURCES LIMITED,80 009 132 405,"231,857","29,449","4,688,264",-
AUSTRALIAN ENERGY HOLDINGS NO 1 PTY LTD,18 654 672 670,"221,484","1,362,502","8,375,816",-
IDEMITSU AUSTRALIA PTY LTD,45 010 236 272,"220,974","16,272","3,240,998",-
BATCHFIRE RESOURCES PTY LTD,84 607 340 189,"218,872","30,074","3,291,532",-
HOLCIM PARTICIPATIONS (AUSTRALIA) PTY LTD,46 122 401 405,"217,850","54,846","3,423,092",-
JADESTONE ENERGY HOLDINGS LTD ,"6TH FLOOR 60 GRACECHURCH STREET, LONDON, UNITED KINGDOM, EC3V 0HR","214,184",23,"3,246,886",-
ATCO AUSTRALIA PTY LTD,74 091 033 546,"210,053","2,744","2,615,331",-
REGIS RESOURCES LIMITED,28 009 174 761,"206,312",56,"2,999,232",-
LEONE FAMILY HOLDINGS PTY LTD,69 618 356 586,"205,949","3,814","2,954,448",-
LEPGF PTY LTD,82 640 391 868,"204,977","25,360","3,069,270",-
ORORA LIMITED,55 004 275 165,"202,259","74,648","3,856,394",-
EVOLUTION MINING LIMITED,74 084 669 036,"199,449","623,823","6,669,763",-
MACH AUSTRALIA HOLDINGS PTY LTD,66 608 494 828,"196,934","30,757","1,995,875",-
LIBERTY BELL BAY PTY LTD,23 004 456 035,"196,125","66,783","4,005,275",-
BOWEN COKING COAL LIMITED,72 064 874 620,"189,527",615,"1,473,384",-
DOWNER EDI LIMITED,97 003 872 848,"184,125","33,816","3,001,423",-
PILBARA MINERALS LIMITED,95 112 425 788,"180,291",110,"2,610,790",-
FQM AUSTRALIA HOLDINGS PTY LTD,77 136 613 075,"171,706",20,"2,605,183",-
NORSKE SKOG INDUSTRIES AUSTRALIA LIMITED,50 003 902 985,"171,146","87,982","4,561,767",-
TT-LINE COMPANY PTY. LTD.,39 061 996 174,"165,696",971,"2,361,564",-
WILPINJONG COAL PTY LTD,87 104 594 694,"162,960","22,691","2,257,993",-
TOLL HOLDINGS PTY LIMITED,25 006 592 089,"162,756","16,311","2,411,034",-
BRICKWORKS LTD,17 000 028 526,"161,179","49,888","3,368,710",-
SNOWY HYDRO LIMITED,17 090 574 431,"160,618","401,291","4,363,785",-
QUEENSLAND NITRATES PTY LTD,63 079 889 268,"156,174","47,627","3,098,278",-
PEMBROKE RESOURCES NOMINEE PTY LTD,40 169 037 236,"155,917","9,555","1,535,212",-
ENERGY QUEENSLAND LIMITED,96 612 535 583,"154,617","1,304,565","7,938,923",-
WASTE ASSETS MANAGEMENT CORPORATION,56 784 733 957,"151,046",692,"15,472",-
WILMAR AUSTRALIA HOLDINGS PTY LIMITED,79 144 972 743,"150,919","42,212","42,740,032",-
FULTON HOGAN AUSTRALIA PTY LTD,42 135 849 115,"148,993","19,814","2,401,990",-
A.C.N. 166 119 133 PTY LTD,31 166 119 133,"147,154","133,771","3,003,413",-
WESTGOLD RESOURCES LIMITED,60 009 260 306,"144,961",883,"2,360,122",-
CEVA PTY LTD,27 122 147 433,"141,354","5,836","2,042,512",-
V/LINE CORPORATION,91 273 289 190,"138,625","12,739","2,039,062",-
BARALABA COAL COMPANY PTY LTD,42 096 909 634,"138,324","1,715","1,314,552",-
RAVENSWOOD GOLD GROUP PTY LTD,18 637 523 712,"137,227","86,868","2,397,827",-
BGC (AUSTRALIA) PTY LTD,62 005 736 005,"135,340","52,431","2,789,001",-
SCT GROUP HOLDINGS PTY LTD,39 651 271 920,"133,997","5,146","1,926,559",-
RTA HOLDCO AUSTRALIA 1 PTY LTD,17 128 762 318,"133,829",0,"1,656,729",-
COMFORTDELGRO CORPORATION AUSTRALIA PTY LTD,84 002 072 004,"133,383","4,546","1,919,260",-
LINDSAY AUSTRALIA LIMITED,81 061 642 733,"131,774","8,254","1,916,336",-
SOJITZ DEVELOPMENT PTY LTD,34 063 050 680,"127,270","45,119","1,515,858",-
AMPLITUDE ENERGY LIMITED,93 096 170 295,"126,582","3,030","3,520,864",-
HYDRO-ELECTRIC CORPORATION,48 072 377 158,"124,509","11,170","2,142,418",-
AUSTRALIAN POSTAL CORPORATION,28 864 970 579,"121,621","106,117","2,375,303",-
RAMELIUS RESOURCES LIMITED,51 001 717 540,"118,366","28,674","2,047,775",-
KINETIC TCO PTY LTD,20 601 251 067,"117,810","5,514","1,710,078",-
POWER AND WATER CORPORATION,15 947 352 360,"114,972","81,098","1,565,463",-
IGO LIMITED,46 092 786 304,"111,037","22,707","1,893,363",-
GENESIS MINERALS LIMITED,72 124 772 041,"110,615",587,"1,999,325",-
SRI CORPORATION PTY LTD,89 088 736 556,"109,978","23,032","1,571,102",-
MGM GROUP HOLDINGS PTY LTD,89 107 407 385,"109,135",457,"1,562,839",-
AUSCAN HOLDINGS PTY LIMITED,70 084 400 886,"108,807",36,"1,488,650",-
CCP VI VG HOLDINGS PTY LTD,41 630 151 530,"107,454","20,754","1,680,324",-
THE TRUSTEE FOR THE MADDINGLEY MINE TRUST,63 604 564 597,"106,199",344,"681,409",-
DENISON GAS LIMITED,86 625 883 561,"106,158",125,"585,655",-
WINDFIELD HOLDINGS PTY LTD,60 160 456 164,"104,640","84,257","2,078,406",-
NORTON GOLD FIELDS PTY LTD,23 112 287 797,"103,962","65,694","1,957,968",-
WEBUILD S.P.A.,83 159 573 896,"101,900","148,004","2,272,827",-
TRANSDEV AUSTRALASIA PTY LTD,40 079 303 816,"101,659","17,811","1,602,989",-
KIMBERLY-CLARK PACIFIC HOLDINGS PTY LIMITED,59 095 905 294,"100,786","7,915","2,026,286",-
MAGNETIC INFRASTRUCTURE GROUP PTY LTD,81 663 518 563,"98,207",120,"1,401,666",-
GPC ASIA PACIFIC HOLDINGS PTY LTD,80 162 550 978,"98,108","19,386","1,949,787",-
WESTREET INVESTMENTS PTY LTD,83 000 799 208,"97,479","4,372","1,423,798",-
SILICON METAL COMPANY OF AUSTRALIA PTY LTD,73 009 401 736,"97,299","307,106","3,557,392",-
TERRACOM LIMITED,35 143 533 537,"96,166","17,970","598,528",-
AUSTRALIAN PACIFIC COAL LIMITED,49 089 206 986,"95,998","4,062","37,640",-
NEW ZEALAND MILK (AUSTRALASIA) PTY LTD,23 003 502 654,"95,817","81,450","2,234,699",-
KEOLIS AUSTRALIA PTY LTD,68 132 482 850,"95,542","95,724","1,905,429",-
BOORTMALT AUSTRALIA PTY LTD,70 634 393 338,"93,951","192,214","2,517,947",-
RIO TINTO SHIPPING (ASIA) PTE LTD,71 242 047 864,"93,387",0,"1,389,683",-
RON FINEMORE TRANSPORT PTY. LTD.,30 106 495 087,"93,374",420,"1,329,378",-
AIRWORK FLIGHT OPERATIONS PTY LTD,13 119 011 871,"93,088",164,"1,326,809",-
WASTE TOP CO PTY LTD,651 529 565,"92,729",263,"48,413",-
A.A. SCOTT PROPRIETARY LIMITED,14 007 601 667,"91,706","2,556","1,325,474",-
CAPRICORN METALS LTD,84 121 700 105,"89,857",13,"1,519,583",-
VITRINITE PTY LTD,46 167 744 578,"88,376",26,"692,073",-
RESOURCECO HOLDINGS PTY LTD,64 107 343 288,"87,817","11,968","684,007",-
TEYS AUSTRALIA PTY LTD,38 009 872 600,"87,795","93,615","1,729,011",-
WESTSIDE ENERGY PTY LTD,39 168 060 366,"87,354",636,"834,218",-
A.J. BUSH & SONS PTY LTD,77 000 134 010,"86,640","12,537","755,900",-
MAINFREIGHT DISTRIBUTION PTY LIMITED,85 003 840 319,"86,168","8,797","1,276,344",-
COLLINS TRANSPORT GROUP PTY LTD,66 098 659 342,"84,151","3,360","1,227,988",-
SEAROAD HOLDINGS PTY LTD,16 123 749 655,"83,559",691,"1,194,109",-
BEGA CHEESE LIMITED,81 008 358 503,"83,512","158,771","2,588,775",-
HOCHTIEF AUSTRALIA HOLDINGS LIMITED,17 103 181 675,"82,153","79,211","1,604,929",-
BAIADA PTY LTD,47 000 426 808,"80,696","148,150","2,614,390",-
NATIONAL JET EXPRESS PTY LTD,46 063 561 482,"79,540",269,"1,134,887",-
REGIONAL POWER CORPORATION,57 955 011 697,"79,183","28,436","1,138,544",-
KARARA MINING LIMITED,68 070 871 831,"79,060","259,992","2,924,328",-
FIGELA PTY LTD,003 179 986,"78,901",16,"9,144",-
FOOD INVESTMENTS PTY. LIMITED,85 008 426 177,"75,509","116,472","1,946,853",-
THE TRUSTEE FOR COSTA'S UNIT TRUST,72 534 822 931,"75,211","49,515","1,175,600",-
RECYCLE AND RESOURCE HOLDINGS LIMITED,20 649 347 302,"74,944","6,582","553,216",-
ENDEAVOUR GROUP LIMITED,77 159 767 843,"74,007","289,214","2,026,535",-
STRAIT LINK AUSTRALIA HOLDINGS PTY LTD,62 649 025 963,"73,704","8,401","1,068,170",-
LANCO RESOURCES AUSTRALIA PTY LTD,30 147 835 452,"72,441","3,814","988,227",-
GELITA AUSTRALIA PTY LTD,83 000 010 597,"72,318","13,036","1,257,408",-
BARRO GROUP PTY. LIMITED,005 105 724,"70,961","23,727","1,125,337",-
KNAUF GYPSUM PTY LTD,84 004 231 976,"70,036","31,872","1,508,943",-
NH FOODS AUSTRALIA PTY LTD,87 001 548 401,"69,853","42,449","784,090",-
ROMALY HOLDINGS PTY LTD,82 001 094 837,"69,624",401,"991,469",-
KARORA RESOURCES PTY LTD,74 633 381 218,"68,905","32,248","1,203,374",-
TEEKAY HOLDINGS AUSTRALIA PTY LTD,12 125 391 880,"68,490",67,"974,289",-
CONSOLIDATED MINERALS HOLDINGS (AUSTRALIA) PTY LIMITED,88 127 662 257,"66,070",48,"971,535",-
FORESTRY CORPORATION OF NEW SOUTH WALES,43 141 857 613,"65,504",890,"936,733",-
NOBLE DRILLING AUSTRALIA PTY LTD,55 106 414 108,"65,010",0,"410,472",-
ENSCO AUSTRALIA PTY LIMITED,79 100 601 634,"64,988",0,"927,527",-
SOUTH AUSTRALIAN WATER CORPORATION,69 336 525 019,"64,887","109,766","2,795,504",-
INGHAMS GROUP LIMITED,39 162 709 506,"63,131","131,449","1,729,230",-
ATCO GAS AUSTRALIA GP PTY LTD,76 151 245 779,"62,997",267,"30,718",-
AUSTRALIAN PANELS PTY LIMITED,31 003 246 357,"62,598","129,591","3,558,478",-
CITY OF KALGOORLIE-BOULDER,63 711 737 609,"62,139","4,255","59,188",-
NSW TRAINS,50 325 560 455,"61,535","132,836","1,580,803",-
BELLEVUE GOLD LIMITED,99 110 439 686,"61,322",32,"908,713",-
ACCIONA INFRASTRUCTURE ASIA PACIFIC PTY LTD,19 609 210 139,"61,024","19,580","976,978",-
CENTRAL PETROLEUM LIMITED,72 083 254 308,"60,753",107,"919,654",-
SHIYING AGRICULTURAL PRODUCTION PTY LTD,40 619 012 038,"60,533","18,090","331,966",-
BRISTOW HELICOPTERS AUSTRALIA PTY LTD.,92 000 565 579,"60,379",196,"1,069,568",-
WAGGA WAGGA CITY COUNCIL,56 044 159 537,"59,895",83,"6,070",-
SIMPLOT AUSTRALIA (HOLDINGS) PTY LIMITED,23 070 571 934,"59,452","24,305","1,345,848",-
IBERDROLA AUSTRALIA LIMITED,39 105 051 616,"59,369","7,767","985,223",-
AURENNE GROUP HOLDINGS PTY LTD,90 627 857 176,"58,538","20,086","1,140,744",-
FRIESIAN PTY LTD,33 625 545 995,"58,112",794,"845,746",-
SINGPOST AUSTRALIA INVESTMENTS PTY LTD,94 646 430 408,"57,843","4,781","852,803",-
BOOTH TRANSPORT PTY LTD,98 007 678 622,"57,611","1,886","829,310",-
SVITZER AUSTRALASIA HOLDINGS PTY LIMITED,16 120 555 302,"57,259","2,086","825,051",-
AERIS RESOURCES LIMITED,30 147 131 977,"56,351","93,362","1,350,857",-
CATALYST METALS LIMITED,54 118 912 495,"56,129","3,423","1,123,787",-
WATER CORPORATION,28 003 434 917,"55,966","487,582","3,766,583",-
ETEX HOLDING AUSTRALIA II PTY LTD,86 003 621 181,"55,737","14,423","1,159,505",-
MT CUTHBERT RESOURCES PTY LTD,56 140 474 693,"55,136",6,"787,502",-
FLETCHER BUILDING (AUSTRALIA) PTY LTD,11 093 539 452,"54,696","198,427","3,767,322",-
LMS ENERGY PTY LTD,39 059 428 474,"54,402",185,"6,481,321",-
RIDLEY CORPORATION LIMITED,33 006 708 765,"53,824","49,697","1,293,117",-
THE TRUSTEE FOR TAPCO UNIT TRUST,15 131 829 412,"53,439","2,199","770,297",-
ASAHI HOLDINGS (AUSTRALIA) PTY LTD,48 135 315 767,"53,367","106,584","1,636,720",-
CCCI AUSTRALIA PTY LTD,95 603 555 988,"53,068","49,620","1,018,343",-
VENTURA MOTORS PROPRIETARY LIMITED,67 004 235 518,"52,212","2,462","752,794",-
CRAIG MOSTYN HOLDINGS PTY LIMITED,14 008 398 356,"51,668","22,233","637,754",-
HUME CITY COUNCIL,14 854 354 856,"51,506","14,122","183,850",-
AIC MINES LIMITED,11 060 156 452,"51,250",15,"737,032",-
MINDARIE REGIONAL COUNCIL,17 015 003 687,"50,863",0,"15,062",-
GRINDING MEDIA PTY LTD,47 615 611 759,"49,937","70,258","1,278,813",-
SERVICE STREAM LIMITED,46 072 369 870,"49,744","3,881","736,780",-
TASMAN GLOBAL GROUP PTY LTD,672 682 094,"49,686",588,"706,926",-
ICON WATER LIMITED,86 069 381 960,"47,751","87,221","649,859",-
A B C TISSUE PRODUCTS PTY LTD,33 003 085 112,"47,159","74,344","1,291,914",-
GRAINCORP LIMITED,60 057 186 035,"46,618","59,745","1,111,946",-
THE TRUSTEE FOR AFF HOLDING TRUST,18 717 304 813,"46,249","32,934","843,970",-
MACKAY SUGAR LIMITED,12 057 463 671,"45,832","10,095","15,417,057",-
CEMENT AUSTRALIA PTY LIMITED,75 104 053 474,"44,710","35,120","863,494",-
PANTORO LIMITED,30 003 207 467,"42,103","21,679","752,068",-
LACTALIS AUSTRALIA PTY LTD,56 072 928 879,"40,972","85,887","1,214,743",-
CENTRAL SEQ DISTRIBUTOR-RETAILER AUTHORITY,86 673 835 011,"40,832","65,960","701,828",-
THOMAS FOODS INTERNATIONAL CONSOLIDATED PTY LIMITED,20 105 099 849,"40,260","31,832","881,737",-
NORTHERN CO-OPERATIVE MEAT COMPANY LIMITED,42 060 208 366,"39,226","18,776","257,731",-
AVENG AUSTRALIA HOLDINGS PTY LTD,33 108 058 331,"38,669","22,720","673,764",-
AQUACULTURE AUSTRALIA HOLDCO PTY LTD,57 660 056 440,"37,975","23,082","751,308",-
FLETCHER INTERNATIONAL GROUP PTY LTD,75 626 211 907,"37,768","24,244","614,205",-
THALES AUSTRALIA HOLDINGS PTY LTD,84 058 583 841,"36,540","35,408","564,868",-
MMG MANAGEMENT PTY LTD,33 115 312 680,"35,749","88,954","1,866,770",-
ALDI FOODS PTY LIMITED,18 086 210 139,"35,373","180,530","1,443,375",-
QUEENSLAND RAIL,68 598 268 528,"35,274","234,941","1,666,662",-
SYDNEY WATER CORPORATION,49 776 225 038,"35,142","263,982","2,525,531",-
ELECTRICITY NETWORKS CORPORATION,18 540 492 861,"34,415","630,385","4,793,950",-
BOC LIMITED,95 000 029 729,"34,158","269,754","2,491,852",-
EAGERS AUTOMOTIVE LIMITED,87 009 680 013,"33,110","25,545","759,441",-
TELSTRA GROUP LIMITED,56 650 620 303,"32,771","757,967","4,657,693",-
29METALS LIMITED,95 650 096 094,"31,754","112,247","1,257,681",-
RITCHIES STORES PROPRIETARY LIMITED,61 005 041 814,"30,802","51,347","263,779",-
SNACKING INVESTMENTS HOLDCO PTY LIMITED,64 634 908 482,"30,463","46,470","839,849",-
MCCAIN FOODS (AUST) PTY LTD,96 000 629 587,"30,298","39,900","1,188,431",-
MARS WRIGLEY AUSTRALIA HOLDINGS PTY LTD,68 133 509 930,"29,754","55,227","878,364",-
NESTLE AUSTRALIA LTD,77 000 011 316,"29,348","78,561","1,324,331",-
GLADSTONE PORTS CORPORATION LIMITED,96 263 788 242,"29,088","50,528","664,645",-
CSL LIMITED,99 051 588 348,"27,439","76,717","863,336",-
TRILITY GROUP PTY LTD,39 144 522 565,"27,392","38,720","412,876",-
SS SILVER PTY LTD,40 644 174 710,"27,003","106,288","1,004,016",-
DP WORLD AUSTRALIA (HOLDING) PTY LTD,58 147 892 715,"26,515","35,274","558,345",-
ESSENTIAL ENERGY,37 428 185 226,"26,515","510,922","2,964,646",-
RCI HOLDINGS PTY LTD,55 101 671 121,"26,391","62,999","821,156",-
MONDELEZ AUSTRALIA HOLDINGS PTY LTD,86 004 880 817,"26,025","40,462","802,459",-
ALBEMARLE LITHIUM PTY LTD,14 618 095 471,"24,835","35,416","660,488",-
DHL GLOBAL FORWARDING (AUSTRALIA) PTY LTD,62 002 636 124,"24,690","29,424","510,647",-
LION PTY LTD,50 128 004 268,"24,551","35,630","624,209",-
VICTORIA POWER NETWORKS PTY LTD,37 116 940 820,"24,007","776,098","3,822,972",-
KILCOY INDUSTRIES AUSTRALIA PTY LTD,16 125 927 308,"23,756","37,807","612,779",-
SORBENT PAPER HOLDINGS PTY LTD,20 631 219 906,"23,545","60,262","730,268",-
NORTHERN SEQ DISTRIBUTOR - RETAILER AUTHORITY,89 791 717 472,"23,522","55,492","387,427",-
AAPC LIMITED,87 009 175 820,"23,115","153,703","1,255,337",-
ST VINCENT'S HEALTH AUSTRALIA LTD,75 073 503 536,"22,484","99,922","935,984",-
QUEENSLAND ELECTRICITY TRANSMISSION CORPORATION LIMITED,82 078 849 233,"22,399","885,734","4,414,085",-
CCEP HOLDINGS (AUSTRALIA) PTY LTD,80 645 547 968,"22,297","76,131","812,558",-
CKI UTILITIES DEVELOPMENT LIMITED & OTHERS,13 332 330 749,"20,747","185,458","2,907,535",-
IWATANI AUSTRALIA PTY LTD,85 008 902 841,"20,039","31,712","512,370",-
KIRKLAND LAKE GOLD AUSTRALIA PTY LTD,30 136 505 587,"19,903","129,396","893,294",-
SIBANYE STILLWATER AUSTRALIA OPERATIONS PTY LTD,53 142 165 080,"18,824","161,500","1,122,944",-
ASSOCIATED KILN DRIERS PTY. LIMITED,34 004 341 048,"18,453","50,411","2,333,681",-
MONASH UNIVERSITY,12 377 614 012,"18,242","86,797","759,524",-
OLAM ORCHARDS AUSTRALIA PTY LTD,15 139 442 532,"17,634","62,477","554,024",-
CO-OPERATIVE BULK HANDLING LIMITED,29 256 604 947,"17,431","42,609","567,846",-
MONASH HEALTH,82 142 080 338,"17,066","56,341","585,137",-
METCASH LIMITED,32 112 073 480,"16,809","54,485","460,352",-
EPSILON DISTRIBUTION MINISTERIAL HOLDING CORPORATION,59 253 130 878,"16,141","579,018","3,209,490",-
RAMSAY HEALTH CARE LIMITED,57 001 288 768,"16,136","131,592","1,017,356",-
LENDLEASE CORPORATION LIMITED,32 000 226 228,"15,951","79,159","651,893",-
PACT GROUP HOLDINGS LTD,55 145 989 644,"15,797","168,149","1,201,779",-
UNIVERSITY OF MELBOURNE,84 002 705 224,"14,901","92,066","724,172",-
ANZ HOSPITALS TOPCO PTY LTD,20 631 014 965,"14,733","71,441","675,392",-
ALKANE RESOURCES LTD,35 000 689 216,"14,601","44,044","442,407",-
AURELIA METALS LIMITED,37 108 476 384,"14,338","64,050","549,773",-
AUSTRALIAN NATIONAL UNIVERSITY,52 234 063 906,"14,323","73,191","620,562",-
METALS ACQUISITION CORP. (AUSTRALIA) PTY LTD,98 657 799 758,"13,585","96,007","704,609",-
"COSTCO WHOLESALE AUSTRALIA, PTY. LTD.",57 104 012 893,"13,328","48,061","336,631",-
AUSGRID MANAGEMENT PTY LTD,83 615 449 548,"13,058","613,641","3,391,370",-
IVE GROUP LIMITED,62 606 252 644,"13,046","66,101","540,430",-
COMPETITIVE FOODS AUSTRALIA PTY LTD,48 010 542 908,"12,972","99,408","797,367",-
ST JOHN OF GOD HEALTH CARE INC,21 930 207 958,"12,682","48,997","527,431",-
NORTH METROPOLITAN HEALTH SERVICE,61 282 636 952,"11,848","48,563","558,048",-
LINEAGE AP HOLDINGS PTY LTD,27 637 083 544,"11,771","78,631","584,115",-
BP AUSTRALIA INVESTMENTS PTY LTD,66 102 991 551,"11,625","76,279","627,855",-
EVT LIMITED,51 000 005 103,"11,610","102,398","767,016",-
CHEMCO PTY LTD,68 008 725 817,"11,298","110,906","846,768",-
PERILYA LIMITED,85 009 193 695,"10,999","105,301","740,577",-
COMMONWEALTH SCIENTIFIC AND INDUSTRIAL RESEARCH ORGANISATION,41 687 119 230,"10,769","65,084","581,846",-
MIRVAC LIMITED,92 003 280 699,"10,698","73,899","562,930",-
RICEGROWERS LIMITED,55 007 481 156,"10,493","63,040","517,189",-
SYDNEY TRAINS,38 284 779 682,"10,475","439,003","2,468,442",-
MATER MISERICORDIAE LTD,83 096 708 922,"10,175","55,801","399,531",-
SCENTRE GROUP LIMITED,66 001 671 496,"10,046","179,604","1,149,016",-
VILO ENTERPRISES PTY LTD,070 890 229,"9,428","41,388","343,615",-
DEXUS HOLDINGS PTY LIMITED,48 110 366 946,"8,963","105,077","678,165",-
THE STAR ENTERTAINMENT GROUP LIMITED,85 149 629 023,"8,919","82,947","591,664",-
THE UNITING CHURCH IN AUSTRALIA PROPERTY TRUST (Q.),25 548 385 225,"8,877","66,416","468,888",-
PUBLIC TRANSPORT AUTHORITY OF WESTERN AUSTRALIA,61 850 109 576,"8,040","127,165","979,653",-
CHARTER HALL LIMITED,57 113 531 150,"7,984","92,944","620,493",-
SUN METALS HOLDINGS LIMITED,30 051 538 580,"7,817","513,958","3,368,307",-
TASMANIAN NETWORKS PTY LTD,24 167 357 299,"7,769","52,876","1,643,823",-
HOLIDAY INNS HOLDINGS (AUSTRALIA) PTY. LIMITED,95 003 621 216,"7,760","42,483","393,336",-
UNIVERSITY OF NEW SOUTH WALES,57 195 873 179,"7,651","64,858","492,540",-
SONIC HEALTHCARE LIMITED,24 004 196 909,"7,415","49,650","377,436",-
AIR LIQUIDE AUSTRALIA LIMITED,57 004 385 782,"7,376","168,913","1,465,660",-
GPT MANAGEMENT HOLDINGS LIMITED,67 113 510 188,"6,599","81,436","503,632",-
THE UNIVERSITY OF SYDNEY,15 211 513 464,"6,594","75,432","526,235",-
SYDNEY AVIATION ALLIANCE HOLDINGS PTY LTD,54 654 912 197,"6,524","65,277","455,842",-
IX INFRASTRUCTURE PTY LTD,78 629 750 401,"6,296","114,969","1,348,594",-
QIC LIMITED,95 942 373 762,"6,228","62,054","493,137",-
METRO TRAINS AUSTRALIA PTY LTD,88 614 061 960,"6,178","355,706","1,712,717",-
NBN CO LIMITED,86 136 533 741,"5,896","268,523","1,546,841",-
NSW ELECTRICITY NETWORKS OPERATIONS HOLDINGS PTY LTD,609 266 033,"5,680","1,668,140","8,894,683",-
PFG TOPCO1 PTY LIMITED,35 604 317 875,"5,510","53,119","366,175",-
VICINITY LIMITED,90 114 757 783,"5,349","105,331","666,832",-
TRANSURBAN HOLDINGS LIMITED,86 098 143 429,"5,275","182,626","1,014,278",-
COMMONWEALTH BANK OF AUSTRALIA,48 123 123 124,"4,952","58,505","389,468",-
WESTPAC BANKING CORPORATION,33 007 457 141,"4,817","47,775","327,689",-
TPG TELECOM LIMITED,76 096 304 620,"4,341","233,633","1,362,939",-
NATIONAL AUSTRALIA BANK LIMITED,12 004 044 937,"4,329","47,165","297,880",-
ANZ GROUP HOLDINGS LIMITED,16 659 510 791,"4,074","56,452","334,271",-
ELECTRANET PTY LIMITED,41 094 482 416,"3,478","106,344","1,536,157",-
SUNWATER LIMITED,17 020 276 523,"3,370","118,951","633,311",-
DALRYMPLE BAY COAL TERMINAL PTY. LTD.,12 010 268 167,"3,210","73,223","409,011",-
QUEENSLAND BULK WATER SUPPLY AUTHORITY,75 450 239 876,"2,451","136,564","706,356",-
MYER HOLDINGS LIMITED,14 119 085 602,"2,366","77,500","445,706",-
THE UNIVERSITY OF QUEENSLAND,63 942 912 684,"2,319","103,886","572,296",-
AIRTRUNK AUSTRALIA HOLDING PTY LTD,50 616 379 232,"1,826","450,207","2,275,838",-
A.C.N. 085 239 998 PTY LTD,39 085 239 998,"1,762","147,164","832,326",-
FREQUENCY INFRASTRUCTURE AUSTRALIA HOLDINGS PTY LTD,27 136 262 952,"1,759","58,142","361,614",-
SINGAPORE TELECOM AUSTRALIA INVESTMENTS PTY LIMITED,69 096 686 190,"1,662","350,618","1,917,017",-
FUJITSU AUSTRALIA LTD,19 001 011 427,"1,638","59,805","322,918",-
NEXTDC LIMITED,35 143 582 521,"1,614","335,627","1,744,228",-
SUPER RETAIL GROUP LIMITED,81 108 676 204,804,"54,084","303,078",-
EQUINIX AUSTRALIA PTY LIMITED,25 092 807 264,799,"279,218","1,449,889",-
AR HOLDCO PTY LTD,43 673 156 593,727,"107,638","552,753",-
AMAZON CORPORATE SERVICES PTY LTD,95 082 931 600,583,"319,138","1,684,160",-
AMERICOLD LOGISTICS LIMITED,58 004 902 998,418,"52,689","293,025",-
PORT WARATAH COAL SERVICES LTD,99 001 363 828,413,"92,527","495,964",-
NCIG HOLDINGS PTY LTD,98 124 700 483,379,"49,867","270,249",-
MCDONALD'S AUSTRALIA LIMITED,43 008 496 928,320,"66,784","364,883",-
GLOBAL SWITCH AUSTRALIA HOLDINGS PTY LIMITED,35 138 200 049,311,"78,961","422,466",-
CDC GROUP HOLDINGS PTY LTD,67 612 332 073,301,"257,540","1,367,770",-
METRO TRAINS SYDNEY PTY LTD,54 600 820 737,279,"59,363","318,455",-
JB HI-FI LIMITED,80 093 220 136,267,"56,248","317,693",-
DIGITAL AUSTRALIA INVESTMENT MANAGEMENT PTY LIMITED,27 150 294 134,138,"63,900","322,737",-